[
  {
    "line": 1,
    "elements": [
      {
        "BDD_TESTRUN_UUID": "7f72b3f1-3a2d-4d5c-a1fb-98188967aadf",
        "line": 11,
        "name": "Subtraction",
        "description": "",
        "id": "minus;subtraction;;2",
        "type": "scenario",
        "keyword": "Scenario Outline",
        "steps": [
          {
            "result": {
              "duration": 361700,
              "status": "passed"
            },
            "line": 5,
            "name": "I run the code",
            "match": {
              "location": "StepDefinition.iRunTheCode()"
            },
            "keyword": "Given ",
            "BDD_STEP_UUID": "bc40aacf-3762-4391-9b59-1413b69523be"
          },
          {
            "result": {
              "duration": 453300,
              "status": "passed"
            },
            "line": 6,
            "name": "10 minus 20",
            "match": {
              "arguments": [
                {
                  "val": "10",
                  "offset": 0
                },
                {
                  "val": "20",
                  "offset": 9
                }
              ],
              "location": "StepDefinition.minus(Integer,Integer)"
            },
            "keyword": "When ",
            "BDD_STEP_UUID": "72fe37d0-e575-4b60-90a0-c8cfda704b1a"
          },
          {
            "result": {
              "error_message": "groovy.lang.MissingMethodException: No signature of method: calculator.StepDefinition.assertEquals() is applicable for argument types: (Integer, Integer) values: [-10, -10]\r\n\tat org.codehaus.groovy.runtime.ScriptBytecodeAdapter.unwrap(ScriptBytecodeAdapter.java:70)\r\n\tat org.codehaus.groovy.vmplugin.v8.IndyGuardsFiltersAndSignatures.unwrap(IndyGuardsFiltersAndSignatures.java:160)\r\n\tat org.codehaus.groovy.vmplugin.v8.IndyInterface.fromCache(IndyInterface.java:318)\r\n\tat calculator.StepDefinition.iGetTheResultResultInDouble(StepDefinition.groovy:123)\r\n\tat ✽.I get the result -10(C:/Users/tugia/Katalon Studio/A3-Calculator/Include/features/CAL-2 Minus.feature:7)\r\n",
              "duration": 500200,
              "status": "failed"
            },
            "line": 7,
            "name": "I get the result -10",
            "match": {
              "arguments": [
                {
                  "val": "-10",
                  "offset": 17
                }
              ],
              "location": "StepDefinition.iGetTheResultResultInDouble(int)"
            },
            "keyword": "Then ",
            "BDD_STEP_UUID": "3560b8c7-5772-49bc-b794-b76e27dae355"
          }
        ]
      },
      {
        "BDD_TESTRUN_UUID": "babae21c-6112-4bd2-8005-03d28519dbdb",
        "line": 12,
        "name": "Subtraction",
        "description": "",
        "id": "minus;subtraction;;3",
        "type": "scenario",
        "keyword": "Scenario Outline",
        "steps": [
          {
            "result": {
              "duration": 332900,
              "status": "passed"
            },
            "line": 5,
            "name": "I run the code",
            "match": {
              "location": "StepDefinition.iRunTheCode()"
            },
            "keyword": "Given ",
            "BDD_STEP_UUID": "bc4ce1ee-376b-445d-ac50-cd867ebf8f86"
          },
          {
            "result": {
              "duration": 430500,
              "status": "passed"
            },
            "line": 6,
            "name": "222 minus 111",
            "match": {
              "arguments": [
                {
                  "val": "222",
                  "offset": 0
                },
                {
                  "val": "111",
                  "offset": 10
                }
              ],
              "location": "StepDefinition.minus(Integer,Integer)"
            },
            "keyword": "When ",
            "BDD_STEP_UUID": "52f19b96-1c99-49a7-9033-4bad0bd286e9"
          },
          {
            "result": {
              "error_message": "groovy.lang.MissingMethodException: No signature of method: calculator.StepDefinition.assertEquals() is applicable for argument types: (Integer, Integer) values: [111, 111]\r\n\tat org.codehaus.groovy.runtime.ScriptBytecodeAdapter.unwrap(ScriptBytecodeAdapter.java:70)\r\n\tat org.codehaus.groovy.vmplugin.v8.IndyGuardsFiltersAndSignatures.unwrap(IndyGuardsFiltersAndSignatures.java:160)\r\n\tat org.codehaus.groovy.vmplugin.v8.IndyInterface.fromCache(IndyInterface.java:318)\r\n\tat calculator.StepDefinition.iGetTheResultResultInDouble(StepDefinition.groovy:123)\r\n\tat ✽.I get the result 111(C:/Users/tugia/Katalon Studio/A3-Calculator/Include/features/CAL-2 Minus.feature:7)\r\n",
              "duration": 661400,
              "status": "failed"
            },
            "line": 7,
            "name": "I get the result 111",
            "match": {
              "arguments": [
                {
                  "val": "111",
                  "offset": 17
                }
              ],
              "location": "StepDefinition.iGetTheResultResultInDouble(int)"
            },
            "keyword": "Then ",
            "BDD_STEP_UUID": "81c7739b-d1a4-4162-a7b4-cf0a178352cf"
          }
        ]
      },
      {
        "BDD_TESTRUN_UUID": "d8f4330d-efef-4e24-9fcc-91306d3e3d22",
        "line": 13,
        "name": "Subtraction",
        "description": "",
        "id": "minus;subtraction;;4",
        "type": "scenario",
        "keyword": "Scenario Outline",
        "steps": [
          {
            "result": {
              "duration": 352500,
              "status": "passed"
            },
            "line": 5,
            "name": "I run the code",
            "match": {
              "location": "StepDefinition.iRunTheCode()"
            },
            "keyword": "Given ",
            "BDD_STEP_UUID": "3a51df6c-73c9-48e1-8c80-a92ed7cd2d4b"
          },
          {
            "result": {
              "duration": 577200,
              "status": "passed"
            },
            "line": 6,
            "name": "100 minus -78",
            "match": {
              "arguments": [
                {
                  "val": "100",
                  "offset": 0
                },
                {
                  "val": "-78",
                  "offset": 10
                }
              ],
              "location": "StepDefinition.minus(Integer,Integer)"
            },
            "keyword": "When ",
            "BDD_STEP_UUID": "d1fecd9d-8902-4c27-8005-eb43bd7a420c"
          },
          {
            "result": {
              "error_message": "groovy.lang.MissingMethodException: No signature of method: calculator.StepDefinition.assertEquals() is applicable for argument types: (Integer, Integer) values: [178, 178]\r\n\tat org.codehaus.groovy.runtime.ScriptBytecodeAdapter.unwrap(ScriptBytecodeAdapter.java:70)\r\n\tat org.codehaus.groovy.vmplugin.v8.IndyGuardsFiltersAndSignatures.unwrap(IndyGuardsFiltersAndSignatures.java:160)\r\n\tat org.codehaus.groovy.vmplugin.v8.IndyInterface.fromCache(IndyInterface.java:318)\r\n\tat calculator.StepDefinition.iGetTheResultResultInDouble(StepDefinition.groovy:123)\r\n\tat ✽.I get the result 178(C:/Users/tugia/Katalon Studio/A3-Calculator/Include/features/CAL-2 Minus.feature:7)\r\n",
              "duration": 643500,
              "status": "failed"
            },
            "line": 7,
            "name": "I get the result 178",
            "match": {
              "arguments": [
                {
                  "val": "178",
                  "offset": 17
                }
              ],
              "location": "StepDefinition.iGetTheResultResultInDouble(int)"
            },
            "keyword": "Then ",
            "BDD_STEP_UUID": "76ab14b5-00d6-473a-a0f8-ddae15b51d9f"
          }
        ]
      }
    ],
    "name": "minus",
    "description": "  I want to use minus operator",
    "id": "minus",
    "keyword": "Feature",
    "uri": "C:/Users/tugia/Katalon Studio/A3-Calculator/Include/features/CAL-2 Minus.feature",
    "tags": []
  }
]