[
  {
    "line": 1,
    "elements": [
      {
        "BDD_TESTRUN_UUID": "6919652b-0805-4386-9bdc-8632839de414",
        "line": 11,
        "name": "Modulation",
        "description": "",
        "id": "modulus;modulation;;2",
        "type": "scenario",
        "keyword": "Scenario Outline",
        "steps": [
          {
            "result": {
              "duration": 428300,
              "status": "passed"
            },
            "line": 5,
            "name": "I run the code",
            "match": {
              "location": "StepDefinition.iRunTheCode()"
            },
            "keyword": "Given ",
            "BDD_STEP_UUID": "7d7a4ed7-bec3-42f0-a5f6-8e783625cfb7"
          },
          {
            "result": {
              "duration": 244900,
              "status": "passed"
            },
            "line": 6,
            "name": "10 modulus 20",
            "match": {
              "arguments": [
                {
                  "val": "10",
                  "offset": 0
                },
                {
                  "val": "20",
                  "offset": 11
                }
              ],
              "location": "StepDefinition.aModulusB(Integer,Integer)"
            },
            "keyword": "When ",
            "BDD_STEP_UUID": "b4604aa4-99f5-4739-8f69-0716c0138d3a"
          },
          {
            "result": {
              "error_message": "groovy.lang.MissingMethodException: No signature of method: calculator.StepDefinition.assertEquals() is applicable for argument types: (Integer, Integer) values: [0, -10]\r\n\tat org.codehaus.groovy.runtime.ScriptBytecodeAdapter.unwrap(ScriptBytecodeAdapter.java:70)\r\n\tat org.codehaus.groovy.vmplugin.v8.IndyGuardsFiltersAndSignatures.unwrap(IndyGuardsFiltersAndSignatures.java:160)\r\n\tat org.codehaus.groovy.vmplugin.v8.IndyInterface.fromCache(IndyInterface.java:318)\r\n\tat calculator.StepDefinition.iGetTheResultResultInDouble(StepDefinition.groovy:123)\r\n\tat ✽.I get the result -10(C:/Users/tugia/Katalon Studio/A3-Calculator/Include/features/CAL-5 Modulus.feature:7)\r\n",
              "duration": 347400,
              "status": "failed"
            },
            "line": 7,
            "name": "I get the result -10",
            "match": {
              "arguments": [
                {
                  "val": "-10",
                  "offset": 17
                }
              ],
              "location": "StepDefinition.iGetTheResultResultInDouble(int)"
            },
            "keyword": "Then ",
            "BDD_STEP_UUID": "cd6dc865-d244-489d-9aea-e02878d78063"
          }
        ]
      },
      {
        "BDD_TESTRUN_UUID": "86582fb1-11d8-4988-a877-f02b872040a3",
        "line": 12,
        "name": "Modulation",
        "description": "",
        "id": "modulus;modulation;;3",
        "type": "scenario",
        "keyword": "Scenario Outline",
        "steps": [
          {
            "result": {
              "duration": 329500,
              "status": "passed"
            },
            "line": 5,
            "name": "I run the code",
            "match": {
              "location": "StepDefinition.iRunTheCode()"
            },
            "keyword": "Given ",
            "BDD_STEP_UUID": "9859488d-9bbd-4e45-96e7-f5ac78a6ef80"
          },
          {
            "result": {
              "duration": 218300,
              "status": "passed"
            },
            "line": 6,
            "name": "222 modulus 111",
            "match": {
              "arguments": [
                {
                  "val": "222",
                  "offset": 0
                },
                {
                  "val": "111",
                  "offset": 12
                }
              ],
              "location": "StepDefinition.aModulusB(Integer,Integer)"
            },
            "keyword": "When ",
            "BDD_STEP_UUID": "81ed1bee-f206-4f50-ab2a-22cd3b3372e9"
          },
          {
            "result": {
              "error_message": "groovy.lang.MissingMethodException: No signature of method: calculator.StepDefinition.assertEquals() is applicable for argument types: (Integer, Integer) values: [0, 111]\r\n\tat org.codehaus.groovy.runtime.ScriptBytecodeAdapter.unwrap(ScriptBytecodeAdapter.java:70)\r\n\tat org.codehaus.groovy.vmplugin.v8.IndyGuardsFiltersAndSignatures.unwrap(IndyGuardsFiltersAndSignatures.java:160)\r\n\tat org.codehaus.groovy.vmplugin.v8.IndyInterface.fromCache(IndyInterface.java:318)\r\n\tat calculator.StepDefinition.iGetTheResultResultInDouble(StepDefinition.groovy:123)\r\n\tat ✽.I get the result 111(C:/Users/tugia/Katalon Studio/A3-Calculator/Include/features/CAL-5 Modulus.feature:7)\r\n",
              "duration": 321000,
              "status": "failed"
            },
            "line": 7,
            "name": "I get the result 111",
            "match": {
              "arguments": [
                {
                  "val": "111",
                  "offset": 17
                }
              ],
              "location": "StepDefinition.iGetTheResultResultInDouble(int)"
            },
            "keyword": "Then ",
            "BDD_STEP_UUID": "07c30bf2-b96e-43a5-a436-84ca95ead850"
          }
        ]
      },
      {
        "BDD_TESTRUN_UUID": "b6161bc4-8c32-4ea6-af06-22f8fa764735",
        "line": 21,
        "name": "Illegal Modulation",
        "description": "",
        "id": "modulus;illegal-modulation;;2",
        "type": "scenario",
        "keyword": "Scenario Outline",
        "steps": [
          {
            "result": {
              "duration": 353600,
              "status": "passed"
            },
            "line": 15,
            "name": "I run the code",
            "match": {
              "location": "StepDefinition.iRunTheCode()"
            },
            "keyword": "Given ",
            "BDD_STEP_UUID": "46eb5382-baff-4cb9-a14b-6de035964b0e"
          },
          {
            "result": {
              "duration": 333400,
              "status": "passed"
            },
            "line": 16,
            "name": "10 illegal modulus 0",
            "match": {
              "arguments": [
                {
                  "val": "10",
                  "offset": 0
                },
                {
                  "val": "0",
                  "offset": 19
                }
              ],
              "location": "StepDefinition.aIllegalModulusB(Integer,Integer)"
            },
            "keyword": "When ",
            "BDD_STEP_UUID": "a3da4167-a371-440f-b46d-79af3225f4d4"
          },
          {
            "result": {
              "error_message": "groovy.lang.MissingMethodException: No signature of method: calculator.StepDefinition.assertEquals() is applicable for argument types: (String, String) values: [Modular cannot be zero, Modular cannot be zero]\r\n\tat org.codehaus.groovy.runtime.ScriptBytecodeAdapter.unwrap(ScriptBytecodeAdapter.java:70)\r\n\tat org.codehaus.groovy.vmplugin.v8.IndyGuardsFiltersAndSignatures.unwrap(IndyGuardsFiltersAndSignatures.java:160)\r\n\tat org.codehaus.groovy.vmplugin.v8.IndyInterface.fromCache(IndyInterface.java:318)\r\n\tat calculator.StepDefinition.iGetTheException(StepDefinition.groovy:197)\r\n\tat ✽.I get the Exception \"Modular cannot be zero\"(C:/Users/tugia/Katalon Studio/A3-Calculator/Include/features/CAL-5 Modulus.feature:17)\r\n",
              "duration": 415500,
              "status": "failed"
            },
            "line": 17,
            "name": "I get the Exception \"Modular cannot be zero\"",
            "match": {
              "arguments": [
                {
                  "val": "\"Modular cannot be zero\"",
                  "offset": 20
                }
              ],
              "location": "StepDefinition.iGetTheException(String)"
            },
            "keyword": "Then ",
            "BDD_STEP_UUID": "5bc308a0-8282-465d-8ee4-82a0138e04c0"
          }
        ]
      }
    ],
    "name": "modulus",
    "description": "  I want to use modulus operator",
    "id": "modulus",
    "keyword": "Feature",
    "uri": "C:/Users/tugia/Katalon Studio/A3-Calculator/Include/features/CAL-5 Modulus.feature",
    "tags": []
  }
]