[
  {
    "line": 1,
    "elements": [
      {
        "BDD_TESTRUN_UUID": "ba666ecd-28c3-48a1-9ae5-a56d501257a7",
        "line": 11,
        "name": "Subtraction",
        "description": "",
        "id": "minus;subtraction;;2",
        "type": "scenario",
        "keyword": "Scenario Outline",
        "steps": [
          {
            "result": {
              "duration": 900900,
              "status": "passed"
            },
            "line": 5,
            "name": "I run the code",
            "match": {
              "location": "StepDefinition.iRunTheCode()"
            },
            "keyword": "Given ",
            "BDD_STEP_UUID": "d6b9083f-55f2-4737-89ae-c24b2ceee94b"
          },
          {
            "result": {
              "duration": 964600,
              "status": "passed"
            },
            "line": 6,
            "name": "10 minus 20",
            "match": {
              "arguments": [
                {
                  "val": "10",
                  "offset": 0
                },
                {
                  "val": "20",
                  "offset": 9
                }
              ],
              "location": "StepDefinition.minus(Integer,Integer)"
            },
            "keyword": "When ",
            "BDD_STEP_UUID": "97d572b9-ad84-4733-83fb-3eb6f0fac25f"
          },
          {
            "result": {
              "error_message": "groovy.lang.MissingMethodException: No signature of method: calculator.StepDefinition.assertEquals() is applicable for argument types: (Integer, Integer) values: [-10, -10]\r\n\tat org.codehaus.groovy.runtime.ScriptBytecodeAdapter.unwrap(ScriptBytecodeAdapter.java:70)\r\n\tat org.codehaus.groovy.vmplugin.v8.IndyGuardsFiltersAndSignatures.unwrap(IndyGuardsFiltersAndSignatures.java:160)\r\n\tat org.codehaus.groovy.vmplugin.v8.IndyInterface.fromCache(IndyInterface.java:318)\r\n\tat calculator.StepDefinition.iGetTheResultResultInDouble(StepDefinition.groovy:123)\r\n\tat ✽.I get the result -10(C:/Users/tugia/Katalon Studio/A3-Calculator/Include/features/CAL-2 Minus.feature:7)\r\n",
              "duration": 1123400,
              "status": "failed"
            },
            "line": 7,
            "name": "I get the result -10",
            "match": {
              "arguments": [
                {
                  "val": "-10",
                  "offset": 17
                }
              ],
              "location": "StepDefinition.iGetTheResultResultInDouble(int)"
            },
            "keyword": "Then ",
            "BDD_STEP_UUID": "fb94666b-c570-4281-9d14-965c5c84e112"
          }
        ]
      },
      {
        "BDD_TESTRUN_UUID": "dfe8740b-21bf-4276-8b73-a9d4d113c232",
        "line": 12,
        "name": "Subtraction",
        "description": "",
        "id": "minus;subtraction;;3",
        "type": "scenario",
        "keyword": "Scenario Outline",
        "steps": [
          {
            "result": {
              "duration": 379900,
              "status": "passed"
            },
            "line": 5,
            "name": "I run the code",
            "match": {
              "location": "StepDefinition.iRunTheCode()"
            },
            "keyword": "Given ",
            "BDD_STEP_UUID": "4b08bac3-c24c-41c4-806f-0aa2e0f38bb7"
          },
          {
            "result": {
              "duration": 384800,
              "status": "passed"
            },
            "line": 6,
            "name": "222 minus 111",
            "match": {
              "arguments": [
                {
                  "val": "222",
                  "offset": 0
                },
                {
                  "val": "111",
                  "offset": 10
                }
              ],
              "location": "StepDefinition.minus(Integer,Integer)"
            },
            "keyword": "When ",
            "BDD_STEP_UUID": "4fbee359-8923-452b-92e6-028b1151b2ff"
          },
          {
            "result": {
              "error_message": "groovy.lang.MissingMethodException: No signature of method: calculator.StepDefinition.assertEquals() is applicable for argument types: (Integer, Integer) values: [111, 111]\r\n\tat org.codehaus.groovy.runtime.ScriptBytecodeAdapter.unwrap(ScriptBytecodeAdapter.java:70)\r\n\tat org.codehaus.groovy.vmplugin.v8.IndyGuardsFiltersAndSignatures.unwrap(IndyGuardsFiltersAndSignatures.java:160)\r\n\tat org.codehaus.groovy.vmplugin.v8.IndyInterface.fromCache(IndyInterface.java:318)\r\n\tat calculator.StepDefinition.iGetTheResultResultInDouble(StepDefinition.groovy:123)\r\n\tat ✽.I get the result 111(C:/Users/tugia/Katalon Studio/A3-Calculator/Include/features/CAL-2 Minus.feature:7)\r\n",
              "duration": 556200,
              "status": "failed"
            },
            "line": 7,
            "name": "I get the result 111",
            "match": {
              "arguments": [
                {
                  "val": "111",
                  "offset": 17
                }
              ],
              "location": "StepDefinition.iGetTheResultResultInDouble(int)"
            },
            "keyword": "Then ",
            "BDD_STEP_UUID": "0840377f-5655-40cd-9fa0-94fc3df3cc23"
          }
        ]
      },
      {
        "BDD_TESTRUN_UUID": "711e1e15-bbe1-402b-9324-e44a333ed92d",
        "line": 13,
        "name": "Subtraction",
        "description": "",
        "id": "minus;subtraction;;4",
        "type": "scenario",
        "keyword": "Scenario Outline",
        "steps": [
          {
            "result": {
              "duration": 474800,
              "status": "passed"
            },
            "line": 5,
            "name": "I run the code",
            "match": {
              "location": "StepDefinition.iRunTheCode()"
            },
            "keyword": "Given ",
            "BDD_STEP_UUID": "9a19ca31-1603-4bbc-b400-51e2669cc2d1"
          },
          {
            "result": {
              "duration": 437300,
              "status": "passed"
            },
            "line": 6,
            "name": "100 minus -78",
            "match": {
              "arguments": [
                {
                  "val": "100",
                  "offset": 0
                },
                {
                  "val": "-78",
                  "offset": 10
                }
              ],
              "location": "StepDefinition.minus(Integer,Integer)"
            },
            "keyword": "When ",
            "BDD_STEP_UUID": "d7c7e071-6b5b-44e8-b955-067d3d1e5032"
          },
          {
            "result": {
              "error_message": "groovy.lang.MissingMethodException: No signature of method: calculator.StepDefinition.assertEquals() is applicable for argument types: (Integer, Integer) values: [178, 178]\r\n\tat org.codehaus.groovy.runtime.ScriptBytecodeAdapter.unwrap(ScriptBytecodeAdapter.java:70)\r\n\tat org.codehaus.groovy.vmplugin.v8.IndyGuardsFiltersAndSignatures.unwrap(IndyGuardsFiltersAndSignatures.java:160)\r\n\tat org.codehaus.groovy.vmplugin.v8.IndyInterface.fromCache(IndyInterface.java:318)\r\n\tat calculator.StepDefinition.iGetTheResultResultInDouble(StepDefinition.groovy:123)\r\n\tat ✽.I get the result 178(C:/Users/tugia/Katalon Studio/A3-Calculator/Include/features/CAL-2 Minus.feature:7)\r\n",
              "duration": 565100,
              "status": "failed"
            },
            "line": 7,
            "name": "I get the result 178",
            "match": {
              "arguments": [
                {
                  "val": "178",
                  "offset": 17
                }
              ],
              "location": "StepDefinition.iGetTheResultResultInDouble(int)"
            },
            "keyword": "Then ",
            "BDD_STEP_UUID": "f1c8386e-b156-454d-9b49-0f83e751a639"
          }
        ]
      }
    ],
    "name": "minus",
    "description": "  I want to use minus operator",
    "id": "minus",
    "keyword": "Feature",
    "uri": "C:/Users/tugia/Katalon Studio/A3-Calculator/Include/features/CAL-2 Minus.feature",
    "tags": []
  }
]