[
  {
    "line": 1,
    "elements": [
      {
        "BDD_TESTRUN_UUID": "ee7c03f4-1b42-4bc1-be5f-e324195187fc",
        "line": 11,
        "name": "Subtraction",
        "description": "",
        "id": "minus;subtraction;;2",
        "type": "scenario",
        "keyword": "Scenario Outline",
        "steps": [
          {
            "result": {
              "duration": 426500,
              "status": "passed"
            },
            "line": 5,
            "name": "I run the code",
            "match": {
              "location": "StepDefinition.iRunTheCode()"
            },
            "keyword": "Given ",
            "BDD_STEP_UUID": "a562acdb-ad03-4613-92cc-363993b79006"
          },
          {
            "result": {
              "duration": 2818200,
              "status": "passed"
            },
            "line": 6,
            "name": "10 minus 20",
            "match": {
              "arguments": [
                {
                  "val": "10",
                  "offset": 0
                },
                {
                  "val": "20",
                  "offset": 9
                }
              ],
              "location": "StepDefinition.minus(Integer,Integer)"
            },
            "keyword": "When ",
            "BDD_STEP_UUID": "7537dc2a-c2a9-4001-af8d-a9332424821e"
          },
          {
            "result": {
              "error_message": "groovy.lang.MissingMethodException: No signature of method: calculator.StepDefinition.assertEquals() is applicable for argument types: (Integer, Integer) values: [-10, -10]\r\n\tat org.codehaus.groovy.runtime.ScriptBytecodeAdapter.unwrap(ScriptBytecodeAdapter.java:70)\r\n\tat org.codehaus.groovy.vmplugin.v8.IndyGuardsFiltersAndSignatures.unwrap(IndyGuardsFiltersAndSignatures.java:160)\r\n\tat org.codehaus.groovy.vmplugin.v8.IndyInterface.fromCache(IndyInterface.java:318)\r\n\tat calculator.StepDefinition.iGetTheResultResultInDouble(StepDefinition.groovy:123)\r\n\tat ✽.I get the result -10(C:/Users/tugia/Katalon Studio/A3-Calculator/Include/features/CAL-2 Minus.feature:7)\r\n",
              "duration": 1018900,
              "status": "failed"
            },
            "line": 7,
            "name": "I get the result -10",
            "match": {
              "arguments": [
                {
                  "val": "-10",
                  "offset": 17
                }
              ],
              "location": "StepDefinition.iGetTheResultResultInDouble(int)"
            },
            "keyword": "Then ",
            "BDD_STEP_UUID": "8a1794c0-20dc-41bb-909c-63692b815a0b"
          }
        ]
      },
      {
        "BDD_TESTRUN_UUID": "ec7e3f3e-9391-4f73-8801-2f4144abf064",
        "line": 12,
        "name": "Subtraction",
        "description": "",
        "id": "minus;subtraction;;3",
        "type": "scenario",
        "keyword": "Scenario Outline",
        "steps": [
          {
            "result": {
              "duration": 542000,
              "status": "passed"
            },
            "line": 5,
            "name": "I run the code",
            "match": {
              "location": "StepDefinition.iRunTheCode()"
            },
            "keyword": "Given ",
            "BDD_STEP_UUID": "ab4b792c-b5f7-4c36-bc6c-4fc828806ccf"
          },
          {
            "result": {
              "duration": 603000,
              "status": "passed"
            },
            "line": 6,
            "name": "222 minus 111",
            "match": {
              "arguments": [
                {
                  "val": "222",
                  "offset": 0
                },
                {
                  "val": "111",
                  "offset": 10
                }
              ],
              "location": "StepDefinition.minus(Integer,Integer)"
            },
            "keyword": "When ",
            "BDD_STEP_UUID": "9fa24ccb-7784-4a66-b1dc-fb25ed31d988"
          },
          {
            "result": {
              "error_message": "groovy.lang.MissingMethodException: No signature of method: calculator.StepDefinition.assertEquals() is applicable for argument types: (Integer, Integer) values: [111, 111]\r\n\tat org.codehaus.groovy.runtime.ScriptBytecodeAdapter.unwrap(ScriptBytecodeAdapter.java:70)\r\n\tat org.codehaus.groovy.vmplugin.v8.IndyGuardsFiltersAndSignatures.unwrap(IndyGuardsFiltersAndSignatures.java:160)\r\n\tat org.codehaus.groovy.vmplugin.v8.IndyInterface.fromCache(IndyInterface.java:318)\r\n\tat calculator.StepDefinition.iGetTheResultResultInDouble(StepDefinition.groovy:123)\r\n\tat ✽.I get the result 111(C:/Users/tugia/Katalon Studio/A3-Calculator/Include/features/CAL-2 Minus.feature:7)\r\n",
              "duration": 780000,
              "status": "failed"
            },
            "line": 7,
            "name": "I get the result 111",
            "match": {
              "arguments": [
                {
                  "val": "111",
                  "offset": 17
                }
              ],
              "location": "StepDefinition.iGetTheResultResultInDouble(int)"
            },
            "keyword": "Then ",
            "BDD_STEP_UUID": "837188d2-c984-4218-9c6d-719ea5156fa5"
          }
        ]
      },
      {
        "BDD_TESTRUN_UUID": "49442f17-f25b-43cb-a532-ab7d15d84a3d",
        "line": 13,
        "name": "Subtraction",
        "description": "",
        "id": "minus;subtraction;;4",
        "type": "scenario",
        "keyword": "Scenario Outline",
        "steps": [
          {
            "result": {
              "duration": 814300,
              "status": "passed"
            },
            "line": 5,
            "name": "I run the code",
            "match": {
              "location": "StepDefinition.iRunTheCode()"
            },
            "keyword": "Given ",
            "BDD_STEP_UUID": "beae9bb7-5889-4b90-9c0b-183fe8ca0838"
          },
          {
            "result": {
              "duration": 654800,
              "status": "passed"
            },
            "line": 6,
            "name": "100 minus -78",
            "match": {
              "arguments": [
                {
                  "val": "100",
                  "offset": 0
                },
                {
                  "val": "-78",
                  "offset": 10
                }
              ],
              "location": "StepDefinition.minus(Integer,Integer)"
            },
            "keyword": "When ",
            "BDD_STEP_UUID": "06811057-6cac-4390-8d73-64e1d7d311d1"
          },
          {
            "result": {
              "error_message": "groovy.lang.MissingMethodException: No signature of method: calculator.StepDefinition.assertEquals() is applicable for argument types: (Integer, Integer) values: [178, 178]\r\n\tat org.codehaus.groovy.runtime.ScriptBytecodeAdapter.unwrap(ScriptBytecodeAdapter.java:70)\r\n\tat org.codehaus.groovy.vmplugin.v8.IndyGuardsFiltersAndSignatures.unwrap(IndyGuardsFiltersAndSignatures.java:160)\r\n\tat org.codehaus.groovy.vmplugin.v8.IndyInterface.fromCache(IndyInterface.java:318)\r\n\tat calculator.StepDefinition.iGetTheResultResultInDouble(StepDefinition.groovy:123)\r\n\tat ✽.I get the result 178(C:/Users/tugia/Katalon Studio/A3-Calculator/Include/features/CAL-2 Minus.feature:7)\r\n",
              "duration": 839000,
              "status": "failed"
            },
            "line": 7,
            "name": "I get the result 178",
            "match": {
              "arguments": [
                {
                  "val": "178",
                  "offset": 17
                }
              ],
              "location": "StepDefinition.iGetTheResultResultInDouble(int)"
            },
            "keyword": "Then ",
            "BDD_STEP_UUID": "2d514140-7be9-4fce-847f-93efcb51a633"
          }
        ]
      }
    ],
    "name": "minus",
    "description": "  I want to use minus operator",
    "id": "minus",
    "keyword": "Feature",
    "uri": "C:/Users/tugia/Katalon Studio/A3-Calculator/Include/features/CAL-2 Minus.feature",
    "tags": []
  }
]