[
  {
    "line": 1,
    "elements": [
      {
        "BDD_TESTRUN_UUID": "294cb5b5-aa5f-4e58-8501-adac6556b4a9",
        "line": 11,
        "name": "Division",
        "description": "",
        "id": "divide;division;;2",
        "type": "scenario",
        "keyword": "Scenario Outline",
        "steps": [
          {
            "result": {
              "duration": 360600,
              "status": "passed"
            },
            "line": 5,
            "name": "I run the code",
            "match": {
              "location": "StepDefinition.iRunTheCode()"
            },
            "keyword": "Given ",
            "BDD_STEP_UUID": "7f58024c-7bdc-470a-8f56-1ff7d6ac6b41"
          },
          {
            "result": {
              "duration": 471900,
              "status": "passed"
            },
            "line": 6,
            "name": "10 divide 20",
            "match": {
              "arguments": [
                {
                  "val": "10",
                  "offset": 0
                },
                {
                  "val": "20",
                  "offset": 10
                }
              ],
              "location": "StepDefinition.divide(Integer,Integer)"
            },
            "keyword": "When ",
            "BDD_STEP_UUID": "a8883d7d-a29b-4753-aebc-e0a0c8a82dce"
          },
          {
            "result": {
              "error_message": "groovy.lang.MissingMethodException: No signature of method: calculator.StepDefinition.assertEquals() is applicable for argument types: (Double, Double, BigDecimal) values: [0.5, 0.5, 0.1]\r\n\tat org.codehaus.groovy.runtime.ScriptBytecodeAdapter.unwrap(ScriptBytecodeAdapter.java:70)\r\n\tat org.codehaus.groovy.vmplugin.v8.IndyGuardsFiltersAndSignatures.unwrap(IndyGuardsFiltersAndSignatures.java:160)\r\n\tat org.codehaus.groovy.vmplugin.v8.IndyInterface.fromCache(IndyInterface.java:318)\r\n\tat calculator.StepDefinition.iGetTheResultResultInDouble(StepDefinition.groovy:128)\r\n\tat ✽.I get the result 0.5 in Double(C:/Users/tugia/Katalon Studio/A3-Calculator/Include/features/CAL-4 Divide.feature:7)\r\n",
              "duration": 780300,
              "status": "failed"
            },
            "line": 7,
            "name": "I get the result 0.5 in Double",
            "match": {
              "arguments": [
                {
                  "val": "0.5",
                  "offset": 17
                }
              ],
              "location": "StepDefinition.iGetTheResultResultInDouble(double)"
            },
            "keyword": "Then ",
            "BDD_STEP_UUID": "dd696284-a1a0-429f-a97d-d09c42cdddc0"
          }
        ]
      },
      {
        "BDD_TESTRUN_UUID": "1c9097b2-235c-4e7b-92af-7ba5043de7f7",
        "line": 12,
        "name": "Division",
        "description": "",
        "id": "divide;division;;3",
        "type": "scenario",
        "keyword": "Scenario Outline",
        "steps": [
          {
            "result": {
              "duration": 534700,
              "status": "passed"
            },
            "line": 5,
            "name": "I run the code",
            "match": {
              "location": "StepDefinition.iRunTheCode()"
            },
            "keyword": "Given ",
            "BDD_STEP_UUID": "75bea0d4-f59c-41c6-aa9e-2f066bbf5b2c"
          },
          {
            "result": {
              "duration": 531100,
              "status": "passed"
            },
            "line": 6,
            "name": "222 divide 111",
            "match": {
              "arguments": [
                {
                  "val": "222",
                  "offset": 0
                },
                {
                  "val": "111",
                  "offset": 11
                }
              ],
              "location": "StepDefinition.divide(Integer,Integer)"
            },
            "keyword": "When ",
            "BDD_STEP_UUID": "ba287eb1-1542-4345-8bbf-0be45aa8302f"
          },
          {
            "result": {
              "status": "undefined"
            },
            "line": 7,
            "name": "I get the result 2 in Double",
            "match": {},
            "keyword": "Then ",
            "BDD_STEP_UUID": "912600ab-a621-4833-94bc-1db05c34f829"
          }
        ]
      },
      {
        "BDD_TESTRUN_UUID": "f8ab40e6-b984-448d-8dd0-78df309a856d",
        "line": 13,
        "name": "Division",
        "description": "",
        "id": "divide;division;;4",
        "type": "scenario",
        "keyword": "Scenario Outline",
        "steps": [
          {
            "result": {
              "duration": 460600,
              "status": "passed"
            },
            "line": 5,
            "name": "I run the code",
            "match": {
              "location": "StepDefinition.iRunTheCode()"
            },
            "keyword": "Given ",
            "BDD_STEP_UUID": "2756a39f-c758-4d16-9e47-20823fcc6339"
          },
          {
            "result": {
              "duration": 356100,
              "status": "passed"
            },
            "line": 6,
            "name": "132 divide 1",
            "match": {
              "arguments": [
                {
                  "val": "132",
                  "offset": 0
                },
                {
                  "val": "1",
                  "offset": 11
                }
              ],
              "location": "StepDefinition.divide(Integer,Integer)"
            },
            "keyword": "When ",
            "BDD_STEP_UUID": "5dc8cd08-216e-4101-ae55-f6ebd8d25860"
          },
          {
            "result": {
              "status": "undefined"
            },
            "line": 7,
            "name": "I get the result 132 in Double",
            "match": {},
            "keyword": "Then ",
            "BDD_STEP_UUID": "2aa746e3-618e-4ac6-899d-97ff5323f361"
          }
        ]
      },
      {
        "BDD_TESTRUN_UUID": "325ef9fc-c1ba-47b2-9aa6-29ad4caf5a91",
        "line": 22,
        "name": "Illegal Division",
        "description": "",
        "id": "divide;illegal-division;;2",
        "type": "scenario",
        "keyword": "Scenario Outline",
        "steps": [
          {
            "result": {
              "duration": 334700,
              "status": "passed"
            },
            "line": 16,
            "name": "I run the code",
            "match": {
              "location": "StepDefinition.iRunTheCode()"
            },
            "keyword": "Given ",
            "BDD_STEP_UUID": "c90dba42-eb8f-412f-9feb-4812aeb917af"
          },
          {
            "result": {
              "duration": 305400,
              "status": "passed"
            },
            "line": 17,
            "name": "10 illegal divide 0",
            "match": {
              "arguments": [
                {
                  "val": "10",
                  "offset": 0
                },
                {
                  "val": "0",
                  "offset": 18
                }
              ],
              "location": "StepDefinition.aIllegalDivideB(Integer,Integer)"
            },
            "keyword": "When ",
            "BDD_STEP_UUID": "6634a7fb-6e4c-40d9-bcfb-6fc4227d0307"
          },
          {
            "result": {
              "error_message": "groovy.lang.MissingMethodException: No signature of method: calculator.StepDefinition.assertEquals() is applicable for argument types: (String, String) values: [Divisor cannot be zero, Divisor cannot be zero]\r\n\tat org.codehaus.groovy.runtime.ScriptBytecodeAdapter.unwrap(ScriptBytecodeAdapter.java:70)\r\n\tat org.codehaus.groovy.vmplugin.v8.IndyGuardsFiltersAndSignatures.unwrap(IndyGuardsFiltersAndSignatures.java:160)\r\n\tat org.codehaus.groovy.vmplugin.v8.IndyInterface.fromCache(IndyInterface.java:318)\r\n\tat calculator.StepDefinition.iGetTheException(StepDefinition.groovy:197)\r\n\tat ✽.I get the Exception \"Divisor cannot be zero\"(C:/Users/tugia/Katalon Studio/A3-Calculator/Include/features/CAL-4 Divide.feature:18)\r\n",
              "duration": 613900,
              "status": "failed"
            },
            "line": 18,
            "name": "I get the Exception \"Divisor cannot be zero\"",
            "match": {
              "arguments": [
                {
                  "val": "\"Divisor cannot be zero\"",
                  "offset": 20
                }
              ],
              "location": "StepDefinition.iGetTheException(String)"
            },
            "keyword": "Then ",
            "BDD_STEP_UUID": "3f95f196-2340-460b-82a3-075105d60dc8"
          }
        ]
      }
    ],
    "name": "divide",
    "description": "  I want to use divide operator",
    "id": "divide",
    "keyword": "Feature",
    "uri": "C:/Users/tugia/Katalon Studio/A3-Calculator/Include/features/CAL-4 Divide.feature",
    "tags": []
  }
]