[
  {
    "line": 1,
    "elements": [
      {
        "BDD_TESTRUN_UUID": "b3c44099-eba7-46f2-a05f-362d89494396",
        "line": 11,
        "name": "Division",
        "description": "",
        "id": "divide;division;;2",
        "type": "scenario",
        "keyword": "Scenario Outline",
        "steps": [
          {
            "result": {
              "duration": 452400,
              "status": "passed"
            },
            "line": 5,
            "name": "I run the code",
            "match": {
              "location": "StepDefinition.iRunTheCode()"
            },
            "keyword": "Given ",
            "BDD_STEP_UUID": "a40d11c1-b316-4dc2-86c8-6e8147f096ed"
          },
          {
            "result": {
              "duration": 927600,
              "status": "passed"
            },
            "line": 6,
            "name": "10 divide 20",
            "match": {
              "arguments": [
                {
                  "val": "10",
                  "offset": 0
                },
                {
                  "val": "20",
                  "offset": 10
                }
              ],
              "location": "StepDefinition.divide(Integer,Integer)"
            },
            "keyword": "When ",
            "BDD_STEP_UUID": "0ab67408-0609-494f-9abf-340e3f1664c1"
          },
          {
            "result": {
              "duration": 646000,
              "status": "passed"
            },
            "line": 7,
            "name": "I get the result 0.5 in Double with 1",
            "match": {
              "arguments": [
                {
                  "val": "0.5",
                  "offset": 17
                },
                {
                  "val": "1",
                  "offset": 36
                }
              ],
              "location": "StepDefinition.iGetTheResultResultInDouble(double,int)"
            },
            "keyword": "Then ",
            "BDD_STEP_UUID": "66d93d80-1b39-4b97-a37e-a26462860d2e"
          }
        ]
      },
      {
        "BDD_TESTRUN_UUID": "ad1977f1-ad0d-4727-ac33-ba877888b502",
        "line": 12,
        "name": "Division",
        "description": "",
        "id": "divide;division;;3",
        "type": "scenario",
        "keyword": "Scenario Outline",
        "steps": [
          {
            "result": {
              "duration": 594500,
              "status": "passed"
            },
            "line": 5,
            "name": "I run the code",
            "match": {
              "location": "StepDefinition.iRunTheCode()"
            },
            "keyword": "Given ",
            "BDD_STEP_UUID": "3f66af58-4ac1-4783-8a77-411b315d6862"
          },
          {
            "result": {
              "duration": 826900,
              "status": "passed"
            },
            "line": 6,
            "name": "222 divide 111",
            "match": {
              "arguments": [
                {
                  "val": "222",
                  "offset": 0
                },
                {
                  "val": "111",
                  "offset": 11
                }
              ],
              "location": "StepDefinition.divide(Integer,Integer)"
            },
            "keyword": "When ",
            "BDD_STEP_UUID": "17de3435-e54f-4f3a-8fd7-66652fcd8aa5"
          },
          {
            "result": {
              "status": "undefined"
            },
            "line": 7,
            "name": "I get the result 2 in Double with 0",
            "match": {},
            "keyword": "Then ",
            "BDD_STEP_UUID": "5520c3bb-b478-48dc-aeb1-3c3906a11947"
          }
        ]
      },
      {
        "BDD_TESTRUN_UUID": "9f6a4621-dc4f-4a6d-8c7c-9e5ed6756e08",
        "line": 13,
        "name": "Division",
        "description": "",
        "id": "divide;division;;4",
        "type": "scenario",
        "keyword": "Scenario Outline",
        "steps": [
          {
            "result": {
              "duration": 1454400,
              "status": "passed"
            },
            "line": 5,
            "name": "I run the code",
            "match": {
              "location": "StepDefinition.iRunTheCode()"
            },
            "keyword": "Given ",
            "BDD_STEP_UUID": "d990b345-2e5d-410a-8ca3-da1e697a190e"
          },
          {
            "result": {
              "duration": 784600,
              "status": "passed"
            },
            "line": 6,
            "name": "132 divide 1",
            "match": {
              "arguments": [
                {
                  "val": "132",
                  "offset": 0
                },
                {
                  "val": "1",
                  "offset": 11
                }
              ],
              "location": "StepDefinition.divide(Integer,Integer)"
            },
            "keyword": "When ",
            "BDD_STEP_UUID": "80fcc5a7-467b-45f1-85e2-4b3b54285c64"
          },
          {
            "result": {
              "status": "undefined"
            },
            "line": 7,
            "name": "I get the result 132 in Double with 0",
            "match": {},
            "keyword": "Then ",
            "BDD_STEP_UUID": "d517048a-495a-4324-b219-c42c6d4be3e7"
          }
        ]
      },
      {
        "BDD_TESTRUN_UUID": "f8f32b49-51f6-4852-8cc6-f76b9ed0d270",
        "line": 22,
        "name": "Illegal Division",
        "description": "",
        "id": "divide;illegal-division;;2",
        "type": "scenario",
        "keyword": "Scenario Outline",
        "steps": [
          {
            "result": {
              "duration": 427600,
              "status": "passed"
            },
            "line": 16,
            "name": "I run the code",
            "match": {
              "location": "StepDefinition.iRunTheCode()"
            },
            "keyword": "Given ",
            "BDD_STEP_UUID": "905940bb-def3-412f-8046-59e640dcbbf1"
          },
          {
            "result": {
              "duration": 536800,
              "status": "passed"
            },
            "line": 17,
            "name": "10 illegal divide 0",
            "match": {
              "arguments": [
                {
                  "val": "10",
                  "offset": 0
                },
                {
                  "val": "0",
                  "offset": 18
                }
              ],
              "location": "StepDefinition.aIllegalDivideB(Integer,Integer)"
            },
            "keyword": "When ",
            "BDD_STEP_UUID": "5666c618-9627-4ab6-b891-652a354d651b"
          },
          {
            "result": {
              "duration": 608000,
              "status": "passed"
            },
            "line": 18,
            "name": "I get the Exception \"Divisor cannot be zero\"",
            "match": {
              "arguments": [
                {
                  "val": "\"Divisor cannot be zero\"",
                  "offset": 20
                }
              ],
              "location": "StepDefinition.iGetTheException(String)"
            },
            "keyword": "Then ",
            "BDD_STEP_UUID": "1e44d002-2603-405a-bdd2-5f00cca2ff2f"
          }
        ]
      }
    ],
    "name": "divide",
    "description": "  I want to use divide operator",
    "id": "divide",
    "keyword": "Feature",
    "uri": "C:/Users/tugia/Katalon Studio/A3-Calculator/Include/features/CAL-4 Divide.feature",
    "tags": []
  }
]