[
  {
    "line": 1,
    "elements": [
      {
        "BDD_TESTRUN_UUID": "903c07c6-9b82-481e-b644-a33ddbfcc518",
        "line": 11,
        "name": "Modulation",
        "description": "",
        "id": "modulus;modulation;;2",
        "type": "scenario",
        "keyword": "Scenario Outline",
        "steps": [
          {
            "result": {
              "duration": 300900,
              "status": "passed"
            },
            "line": 5,
            "name": "I run the code",
            "match": {
              "location": "StepDefinition.iRunTheCode()"
            },
            "keyword": "Given ",
            "BDD_STEP_UUID": "d0b84201-cd79-4079-b9b8-ff8a25a6a313"
          },
          {
            "result": {
              "duration": 263800,
              "status": "passed"
            },
            "line": 6,
            "name": "10 modulus 20",
            "match": {
              "arguments": [
                {
                  "val": "10",
                  "offset": 0
                },
                {
                  "val": "20",
                  "offset": 11
                }
              ],
              "location": "StepDefinition.aModulusB(Integer,Integer)"
            },
            "keyword": "When ",
            "BDD_STEP_UUID": "fc1fec4d-8e99-476c-82b1-aed88061d413"
          },
          {
            "result": {
              "error_message": "java.lang.AssertionError: expected:\u003c0\u003e but was:\u003c-10\u003e\r\n\tat org.junit.Assert.fail(Assert.java:89)\r\n\tat org.junit.Assert.failNotEquals(Assert.java:835)\r\n\tat org.junit.Assert.assertEquals(Assert.java:647)\r\n\tat org.junit.Assert.assertEquals(Assert.java:633)\r\n\tat org.codehaus.groovy.vmplugin.v8.IndyInterface.fromCache(IndyInterface.java:318)\r\n\tat calculator.StepDefinition.iGetTheResultResultInDouble(StepDefinition.groovy:124)\r\n\tat ✽.I get the result -10(C:/Users/tugia/Katalon Studio/A3-Calculator/Include/features/CAL-5 Modulus.feature:7)\r\n",
              "duration": 396500,
              "status": "failed"
            },
            "line": 7,
            "name": "I get the result -10",
            "match": {
              "arguments": [
                {
                  "val": "-10",
                  "offset": 17
                }
              ],
              "location": "StepDefinition.iGetTheResultResultInDouble(int)"
            },
            "keyword": "Then ",
            "BDD_STEP_UUID": "c5422ccb-7a96-4563-97be-7106466ab9ed"
          }
        ]
      },
      {
        "BDD_TESTRUN_UUID": "6c8c0287-8d89-46b7-ba83-4a442f592468",
        "line": 12,
        "name": "Modulation",
        "description": "",
        "id": "modulus;modulation;;3",
        "type": "scenario",
        "keyword": "Scenario Outline",
        "steps": [
          {
            "result": {
              "duration": 379000,
              "status": "passed"
            },
            "line": 5,
            "name": "I run the code",
            "match": {
              "location": "StepDefinition.iRunTheCode()"
            },
            "keyword": "Given ",
            "BDD_STEP_UUID": "54ec270c-22af-4cd7-a201-f3cb6ba42d87"
          },
          {
            "result": {
              "duration": 256400,
              "status": "passed"
            },
            "line": 6,
            "name": "222 modulus 111",
            "match": {
              "arguments": [
                {
                  "val": "222",
                  "offset": 0
                },
                {
                  "val": "111",
                  "offset": 12
                }
              ],
              "location": "StepDefinition.aModulusB(Integer,Integer)"
            },
            "keyword": "When ",
            "BDD_STEP_UUID": "5d5bd58c-12fb-45ce-bdfd-3a8e16671c74"
          },
          {
            "result": {
              "error_message": "java.lang.AssertionError: expected:\u003c0\u003e but was:\u003c111\u003e\r\n\tat org.junit.Assert.fail(Assert.java:89)\r\n\tat org.junit.Assert.failNotEquals(Assert.java:835)\r\n\tat org.junit.Assert.assertEquals(Assert.java:647)\r\n\tat org.junit.Assert.assertEquals(Assert.java:633)\r\n\tat org.codehaus.groovy.vmplugin.v8.IndyInterface.fromCache(IndyInterface.java:318)\r\n\tat calculator.StepDefinition.iGetTheResultResultInDouble(StepDefinition.groovy:124)\r\n\tat ✽.I get the result 111(C:/Users/tugia/Katalon Studio/A3-Calculator/Include/features/CAL-5 Modulus.feature:7)\r\n",
              "duration": 362400,
              "status": "failed"
            },
            "line": 7,
            "name": "I get the result 111",
            "match": {
              "arguments": [
                {
                  "val": "111",
                  "offset": 17
                }
              ],
              "location": "StepDefinition.iGetTheResultResultInDouble(int)"
            },
            "keyword": "Then ",
            "BDD_STEP_UUID": "40af4b81-70c5-485b-b6f0-fd28fa5d8358"
          }
        ]
      },
      {
        "BDD_TESTRUN_UUID": "31ff13c9-d267-44c8-b313-10691d7602a1",
        "line": 21,
        "name": "Illegal Modulation",
        "description": "",
        "id": "modulus;illegal-modulation;;2",
        "type": "scenario",
        "keyword": "Scenario Outline",
        "steps": [
          {
            "result": {
              "duration": 349500,
              "status": "passed"
            },
            "line": 15,
            "name": "I run the code",
            "match": {
              "location": "StepDefinition.iRunTheCode()"
            },
            "keyword": "Given ",
            "BDD_STEP_UUID": "538a3c4f-cf7d-4770-be2d-62c1e122e5b2"
          },
          {
            "result": {
              "duration": 522400,
              "status": "passed"
            },
            "line": 16,
            "name": "10 illegal modulus 0",
            "match": {
              "arguments": [
                {
                  "val": "10",
                  "offset": 0
                },
                {
                  "val": "0",
                  "offset": 19
                }
              ],
              "location": "StepDefinition.aIllegalModulusB(Integer,Integer)"
            },
            "keyword": "When ",
            "BDD_STEP_UUID": "6c2652fe-8987-401e-b66f-e32c18af9342"
          },
          {
            "result": {
              "duration": 553500,
              "status": "passed"
            },
            "line": 17,
            "name": "I get the Exception \"Modular cannot be zero\"",
            "match": {
              "arguments": [
                {
                  "val": "\"Modular cannot be zero\"",
                  "offset": 20
                }
              ],
              "location": "StepDefinition.iGetTheException(String)"
            },
            "keyword": "Then ",
            "BDD_STEP_UUID": "5b02c1cc-2908-4b5c-bc4e-187b85337ab5"
          }
        ]
      }
    ],
    "name": "modulus",
    "description": "  I want to use modulus operator",
    "id": "modulus",
    "keyword": "Feature",
    "uri": "C:/Users/tugia/Katalon Studio/A3-Calculator/Include/features/CAL-5 Modulus.feature",
    "tags": []
  }
]