[
  {
    "line": 1,
    "elements": [
      {
        "BDD_TESTRUN_UUID": "4d9638f1-924f-45ba-8e0d-4049340a6a91",
        "line": 11,
        "name": "Multiplication",
        "description": "",
        "id": "multiply;multiplication;;2",
        "type": "scenario",
        "keyword": "Scenario Outline",
        "steps": [
          {
            "result": {
              "duration": 926900,
              "status": "passed"
            },
            "line": 5,
            "name": "I run the code",
            "match": {
              "location": "StepDefinition.iRunTheCode()"
            },
            "keyword": "Given ",
            "BDD_STEP_UUID": "c1ff6f75-1888-427c-a3d0-a9a7c2cd085f"
          },
          {
            "result": {
              "duration": 1974700,
              "status": "passed"
            },
            "line": 6,
            "name": "10 multiply 20",
            "match": {
              "arguments": [
                {
                  "val": "10",
                  "offset": 0
                },
                {
                  "val": "20",
                  "offset": 12
                }
              ],
              "location": "StepDefinition.multiply(Integer,Integer)"
            },
            "keyword": "When ",
            "BDD_STEP_UUID": "58ef0c92-881a-4125-aa02-a7ff996e923f"
          },
          {
            "result": {
              "duration": 4711400,
              "status": "passed"
            },
            "line": 7,
            "name": "I get the result 200 in Long",
            "match": {
              "arguments": [
                {
                  "val": "200",
                  "offset": 17
                }
              ],
              "location": "StepDefinition.iGetTheResultResultInLong(long)"
            },
            "keyword": "Then ",
            "BDD_STEP_UUID": "c1a6df4a-ac88-4cbe-99c1-67c390b9bd94"
          }
        ]
      },
      {
        "BDD_TESTRUN_UUID": "79c5ea4f-17f1-42a6-9032-928e6861a921",
        "line": 12,
        "name": "Multiplication",
        "description": "",
        "id": "multiply;multiplication;;3",
        "type": "scenario",
        "keyword": "Scenario Outline",
        "steps": [
          {
            "result": {
              "duration": 364200,
              "status": "passed"
            },
            "line": 5,
            "name": "I run the code",
            "match": {
              "location": "StepDefinition.iRunTheCode()"
            },
            "keyword": "Given ",
            "BDD_STEP_UUID": "6a3de1dd-18af-4fa7-ba4e-c6b6d3ac120c"
          },
          {
            "result": {
              "duration": 444200,
              "status": "passed"
            },
            "line": 6,
            "name": "92 multiply -19",
            "match": {
              "arguments": [
                {
                  "val": "92",
                  "offset": 0
                },
                {
                  "val": "-19",
                  "offset": 12
                }
              ],
              "location": "StepDefinition.multiply(Integer,Integer)"
            },
            "keyword": "When ",
            "BDD_STEP_UUID": "e1a590cb-f5ad-4759-a566-b2fc9dc946fd"
          },
          {
            "result": {
              "duration": 497000,
              "status": "passed"
            },
            "line": 7,
            "name": "I get the result -1748 in Long",
            "match": {
              "arguments": [
                {
                  "val": "-1748",
                  "offset": 17
                }
              ],
              "location": "StepDefinition.iGetTheResultResultInLong(long)"
            },
            "keyword": "Then ",
            "BDD_STEP_UUID": "604b43ec-f5a6-4083-9d54-14103c7a0b6a"
          }
        ]
      },
      {
        "BDD_TESTRUN_UUID": "cedb3838-6906-4bb9-8f8f-e9c95a3adaef",
        "line": 13,
        "name": "Multiplication",
        "description": "",
        "id": "multiply;multiplication;;4",
        "type": "scenario",
        "keyword": "Scenario Outline",
        "steps": [
          {
            "result": {
              "duration": 552700,
              "status": "passed"
            },
            "line": 5,
            "name": "I run the code",
            "match": {
              "location": "StepDefinition.iRunTheCode()"
            },
            "keyword": "Given ",
            "BDD_STEP_UUID": "d761a844-433a-4493-a4b1-04c66a4de7be"
          },
          {
            "result": {
              "duration": 648700,
              "status": "passed"
            },
            "line": 6,
            "name": "12 multiply -19",
            "match": {
              "arguments": [
                {
                  "val": "12",
                  "offset": 0
                },
                {
                  "val": "-19",
                  "offset": 12
                }
              ],
              "location": "StepDefinition.multiply(Integer,Integer)"
            },
            "keyword": "When ",
            "BDD_STEP_UUID": "39aceefd-da32-49c3-bf72-710acd720713"
          },
          {
            "result": {
              "duration": 381200,
              "status": "passed"
            },
            "line": 7,
            "name": "I get the result -228 in Long",
            "match": {
              "arguments": [
                {
                  "val": "-228",
                  "offset": 17
                }
              ],
              "location": "StepDefinition.iGetTheResultResultInLong(long)"
            },
            "keyword": "Then ",
            "BDD_STEP_UUID": "046b37a5-6a42-4be2-958b-901537b849ad"
          }
        ]
      }
    ],
    "name": "multiply",
    "description": "  I want to use multiply operator",
    "id": "multiply",
    "keyword": "Feature",
    "uri": "C:/Users/tugia/Katalon Studio/A3-Calculator/Include/features/CAL-3 Multiply.feature",
    "tags": []
  }
]