Suite/Test/Step Name,Browser,Description,Tag,Start time,End time,Duration,Status
TestSuite,,,,17-09-2024 22:39:30,17-09-2024 22:40:23,52.690s,FAILED
,,,,,,,
Test Cases/CAL-1 Add,,"Summary: Add
Description: ",jira-integration,17-09-2024 22:39:30,17-09-2024 22:39:31,0.758s,PASSED
Start listener action : beforeTestCase,,,,17-09-2024 22:39:30,17-09-2024 22:39:30,0.094s,PASSED
"runFeatureFile(""Include/features/CAL-1 Add.feature"")",,,,17-09-2024 22:39:30,17-09-2024 22:39:31,0.583s,PASSED
,,,,,,,
Test Cases/CAL-2 Minus,,"Summary: Minus
Description: ",jira-integration,17-09-2024 22:39:31,17-09-2024 22:39:31,0.131s,PASSED
Start listener action : beforeTestCase,,,,17-09-2024 22:39:31,17-09-2024 22:39:31,0.002s,PASSED
"runFeatureFile(""Include/features/CAL-2 Minus.feature"")",,,,17-09-2024 22:39:31,17-09-2024 22:39:31,0.071s,PASSED
,,,,,,,
Test Cases/CAL-3 Multiply,,"Summary: Multiply
Description: ",jira-integration,17-09-2024 22:39:31,17-09-2024 22:39:31,0.108s,PASSED
Start listener action : beforeTestCase,,,,17-09-2024 22:39:31,17-09-2024 22:39:31,0.002s,PASSED
"runFeatureFile(""Include/features/CAL-3 Multiply.feature"")",,,,17-09-2024 22:39:31,17-09-2024 22:39:31,0.062s,PASSED
,,,,,,,
Test Cases/CAL-4 Divide,,"Summary: Divide
Description: ",jira-integration,17-09-2024 22:39:31,17-09-2024 22:39:32,0.079s,FAILED
Start listener action : beforeTestCase,,,,17-09-2024 22:39:31,17-09-2024 22:39:31,0.000s,PASSED
"runFeatureFile(""Include/features/CAL-4 Divide.feature"")",,,,17-09-2024 22:39:31,17-09-2024 22:39:32,0.058s,FAILED
,,,,,,,
Test Cases/CAL-5 Modulus,,"Summary: Modulus
Description: ",jira-integration,17-09-2024 22:39:32,17-09-2024 22:39:32,0.061s,FAILED
Start listener action : beforeTestCase,,,,17-09-2024 22:39:32,17-09-2024 22:39:32,0.001s,PASSED
"runFeatureFile(""Include/features/CAL-5 Modulus.feature"")",,,,17-09-2024 22:39:32,17-09-2024 22:39:32,0.046s,FAILED
,,,,,,,
Test Cases/CAL-6 Power,,"Summary: Power
Description: ",jira-integration,17-09-2024 22:39:32,17-09-2024 22:39:32,0.058s,FAILED
Start listener action : beforeTestCase,,,,17-09-2024 22:39:32,17-09-2024 22:39:32,0.001s,PASSED
"runFeatureFile(""Include/features/CAL-6 Power.feature"")",,,,17-09-2024 22:39:32,17-09-2024 22:39:32,0.045s,FAILED
,,,,,,,
Test Cases/CAL-7 GCD,,"Summary: GCD
Description: ",jira-integration,17-09-2024 22:39:32,17-09-2024 22:39:32,0.082s,PASSED
Start listener action : beforeTestCase,,,,17-09-2024 22:39:32,17-09-2024 22:39:32,0.002s,PASSED
"runFeatureFile(""Include/features/CAL-7 GCD.feature"")",,,,17-09-2024 22:39:32,17-09-2024 22:39:32,0.041s,PASSED
,,,,,,,
Test Cases/CAL-8 LCM,,"Summary: LCM
Description: ",jira-integration,17-09-2024 22:39:32,17-09-2024 22:39:32,0.087s,PASSED
Start listener action : beforeTestCase,,,,17-09-2024 22:39:32,17-09-2024 22:39:32,0.001s,PASSED
"runFeatureFile(""Include/features/CAL-8 LCM.feature"")",,,,17-09-2024 22:39:32,17-09-2024 22:39:32,0.040s,PASSED
,,,,,,,
Test Cases/CAL-9 Fibonacci,,"Summary: Fibonacci
Description: ",jira-integration,17-09-2024 22:39:32,17-09-2024 22:40:23,50.344s,PASSED
Start listener action : beforeTestCase,,,,17-09-2024 22:39:32,17-09-2024 22:39:32,0.001s,PASSED
"runFeatureFile(""Include/features/CAL-9 Fibonacci.feature"")",,,,17-09-2024 22:39:32,17-09-2024 22:40:23,50.301s,PASSED
