[
  {
    "line": 1,
    "elements": [
      {
        "BDD_TESTRUN_UUID": "4621e25b-ef69-45ce-95c2-80b987ebb0db",
        "line": 11,
        "name": "Division",
        "description": "",
        "id": "divide;division;;2",
        "type": "scenario",
        "keyword": "Scenario Outline",
        "steps": [
          {
            "result": {
              "duration": 380900,
              "status": "passed"
            },
            "line": 5,
            "name": "I run the code",
            "match": {
              "location": "StepDefinition.iRunTheCode()"
            },
            "keyword": "Given ",
            "BDD_STEP_UUID": "83a1e3c7-71ec-4498-917e-53187d924adb"
          },
          {
            "result": {
              "duration": 363500,
              "status": "passed"
            },
            "line": 6,
            "name": "10 divide 20",
            "match": {
              "arguments": [
                {
                  "val": "10",
                  "offset": 0
                },
                {
                  "val": "20",
                  "offset": 10
                }
              ],
              "location": "StepDefinition.divide(Integer,Integer)"
            },
            "keyword": "When ",
            "BDD_STEP_UUID": "683a407a-25c4-4c11-8316-0f488b30957d"
          },
          {
            "result": {
              "duration": 414500,
              "status": "passed"
            },
            "line": 7,
            "name": "I get the result 0.5 in Double with 1",
            "match": {
              "arguments": [
                {
                  "val": "0.5",
                  "offset": 17
                },
                {
                  "val": "1",
                  "offset": 36
                }
              ],
              "location": "StepDefinition.iGetTheResultResultInDouble(double,int)"
            },
            "keyword": "Then ",
            "BDD_STEP_UUID": "d62c998b-0d14-4157-93ce-7c20e7abc844"
          }
        ]
      },
      {
        "BDD_TESTRUN_UUID": "9d3d947d-97cb-49fd-a4bb-c11cebf140ef",
        "line": 12,
        "name": "Division",
        "description": "",
        "id": "divide;division;;3",
        "type": "scenario",
        "keyword": "Scenario Outline",
        "steps": [
          {
            "result": {
              "duration": 396700,
              "status": "passed"
            },
            "line": 5,
            "name": "I run the code",
            "match": {
              "location": "StepDefinition.iRunTheCode()"
            },
            "keyword": "Given ",
            "BDD_STEP_UUID": "c1b7380c-3265-4a92-aa66-e68d8e0d5986"
          },
          {
            "result": {
              "duration": 510200,
              "status": "passed"
            },
            "line": 6,
            "name": "222 divide 111",
            "match": {
              "arguments": [
                {
                  "val": "222",
                  "offset": 0
                },
                {
                  "val": "111",
                  "offset": 11
                }
              ],
              "location": "StepDefinition.divide(Integer,Integer)"
            },
            "keyword": "When ",
            "BDD_STEP_UUID": "6b63a246-939a-48f8-a0f6-310f0164f564"
          },
          {
            "result": {
              "status": "undefined"
            },
            "line": 7,
            "name": "I get the result 2 in Double with 0",
            "match": {},
            "keyword": "Then ",
            "BDD_STEP_UUID": "691f88d4-23cf-42fe-b547-1cf19321c4df"
          }
        ]
      },
      {
        "BDD_TESTRUN_UUID": "0301a65f-1bfb-4a24-bbe0-81014cdeed50",
        "line": 13,
        "name": "Division",
        "description": "",
        "id": "divide;division;;4",
        "type": "scenario",
        "keyword": "Scenario Outline",
        "steps": [
          {
            "result": {
              "duration": 848800,
              "status": "passed"
            },
            "line": 5,
            "name": "I run the code",
            "match": {
              "location": "StepDefinition.iRunTheCode()"
            },
            "keyword": "Given ",
            "BDD_STEP_UUID": "5bcc7c28-c6ba-4776-b458-4223c49dfbe6"
          },
          {
            "result": {
              "duration": 1103900,
              "status": "passed"
            },
            "line": 6,
            "name": "132 divide 1",
            "match": {
              "arguments": [
                {
                  "val": "132",
                  "offset": 0
                },
                {
                  "val": "1",
                  "offset": 11
                }
              ],
              "location": "StepDefinition.divide(Integer,Integer)"
            },
            "keyword": "When ",
            "BDD_STEP_UUID": "058675fd-c289-4986-9113-98b722b99e22"
          },
          {
            "result": {
              "status": "undefined"
            },
            "line": 7,
            "name": "I get the result 132 in Double with 0",
            "match": {},
            "keyword": "Then ",
            "BDD_STEP_UUID": "a8760c6a-0e38-4a5f-b64c-52a90a740515"
          }
        ]
      },
      {
        "BDD_TESTRUN_UUID": "82c9fcd7-a645-4975-870c-c3304d4ebd19",
        "line": 22,
        "name": "Illegal Division",
        "description": "",
        "id": "divide;illegal-division;;2",
        "type": "scenario",
        "keyword": "Scenario Outline",
        "steps": [
          {
            "result": {
              "duration": 471600,
              "status": "passed"
            },
            "line": 16,
            "name": "I run the code",
            "match": {
              "location": "StepDefinition.iRunTheCode()"
            },
            "keyword": "Given ",
            "BDD_STEP_UUID": "8ec32645-b5c8-499f-a31e-8c46035665ea"
          },
          {
            "result": {
              "duration": 776400,
              "status": "passed"
            },
            "line": 17,
            "name": "10 illegal divide 0",
            "match": {
              "arguments": [
                {
                  "val": "10",
                  "offset": 0
                },
                {
                  "val": "0",
                  "offset": 18
                }
              ],
              "location": "StepDefinition.aIllegalDivideB(Integer,Integer)"
            },
            "keyword": "When ",
            "BDD_STEP_UUID": "eaf3c720-2739-4e11-9627-581146ab1921"
          },
          {
            "result": {
              "duration": 626800,
              "status": "passed"
            },
            "line": 18,
            "name": "I get the Exception \"Divisor cannot be zero\"",
            "match": {
              "arguments": [
                {
                  "val": "\"Divisor cannot be zero\"",
                  "offset": 20
                }
              ],
              "location": "StepDefinition.iGetTheException(String)"
            },
            "keyword": "Then ",
            "BDD_STEP_UUID": "1ccf0523-4aa3-4529-85b6-da4c835bb3ab"
          }
        ]
      }
    ],
    "name": "divide",
    "description": "  I want to use divide operator",
    "id": "divide",
    "keyword": "Feature",
    "uri": "C:/Users/tugia/Katalon Studio/A3-Calculator/Include/features/CAL-4 Divide.feature",
    "tags": []
  }
]