[
  {
    "line": 1,
    "elements": [
      {
        "BDD_TESTRUN_UUID": "13042242-25b2-41c6-a129-35a9751448a8",
        "line": 11,
        "name": "GCD",
        "description": "",
        "id": "gcd;gcd;;2",
        "type": "scenario",
        "keyword": "Scenario Outline",
        "steps": [
          {
            "result": {
              "duration": 311500,
              "status": "passed"
            },
            "line": 5,
            "name": "I run the code",
            "match": {
              "location": "StepDefinition.iRunTheCode()"
            },
            "keyword": "Given ",
            "BDD_STEP_UUID": "5e0f1e54-68c1-4302-8d09-ddfdf26aa337"
          },
          {
            "result": {
              "duration": 270700,
              "status": "passed"
            },
            "line": 6,
            "name": "92 gcd 312",
            "match": {
              "arguments": [
                {
                  "val": "92",
                  "offset": 0
                },
                {
                  "val": "312",
                  "offset": 7
                }
              ],
              "location": "StepDefinition.gcd(Integer,Integer)"
            },
            "keyword": "When ",
            "BDD_STEP_UUID": "ef120868-9692-41b2-85a7-d00463119430"
          },
          {
            "result": {
              "error_message": "groovy.lang.MissingMethodException: No signature of method: calculator.StepDefinition.assertEquals() is applicable for argument types: (Integer, Integer) values: [4, 4]\r\n\tat org.codehaus.groovy.runtime.ScriptBytecodeAdapter.unwrap(ScriptBytecodeAdapter.java:70)\r\n\tat org.codehaus.groovy.vmplugin.v8.IndyGuardsFiltersAndSignatures.unwrap(IndyGuardsFiltersAndSignatures.java:160)\r\n\tat org.codehaus.groovy.vmplugin.v8.IndyInterface.fromCache(IndyInterface.java:318)\r\n\tat calculator.StepDefinition.iGetTheResultResultInDouble(StepDefinition.groovy:123)\r\n\tat ✽.I get the result 4(C:/Users/tugia/Katalon Studio/A3-Calculator/Include/features/CAL-7 GCD.feature:7)\r\n",
              "duration": 434700,
              "status": "failed"
            },
            "line": 7,
            "name": "I get the result 4",
            "match": {
              "arguments": [
                {
                  "val": "4",
                  "offset": 17
                }
              ],
              "location": "StepDefinition.iGetTheResultResultInDouble(int)"
            },
            "keyword": "Then ",
            "BDD_STEP_UUID": "f2ecb82f-4c60-4331-83a8-fe4ed6a833c4"
          }
        ]
      },
      {
        "BDD_TESTRUN_UUID": "60046a38-e970-4e25-8112-d31c00951314",
        "line": 12,
        "name": "GCD",
        "description": "",
        "id": "gcd;gcd;;3",
        "type": "scenario",
        "keyword": "Scenario Outline",
        "steps": [
          {
            "result": {
              "duration": 281600,
              "status": "passed"
            },
            "line": 5,
            "name": "I run the code",
            "match": {
              "location": "StepDefinition.iRunTheCode()"
            },
            "keyword": "Given ",
            "BDD_STEP_UUID": "8787d528-8bdc-427f-a376-e51056d242a6"
          },
          {
            "result": {
              "duration": 326100,
              "status": "passed"
            },
            "line": 6,
            "name": "222 gcd 111",
            "match": {
              "arguments": [
                {
                  "val": "222",
                  "offset": 0
                },
                {
                  "val": "111",
                  "offset": 8
                }
              ],
              "location": "StepDefinition.gcd(Integer,Integer)"
            },
            "keyword": "When ",
            "BDD_STEP_UUID": "920805c1-e668-4070-ac15-19f856dc8bd7"
          },
          {
            "result": {
              "error_message": "groovy.lang.MissingMethodException: No signature of method: calculator.StepDefinition.assertEquals() is applicable for argument types: (Integer, Integer) values: [111, 111]\r\n\tat org.codehaus.groovy.runtime.ScriptBytecodeAdapter.unwrap(ScriptBytecodeAdapter.java:70)\r\n\tat org.codehaus.groovy.vmplugin.v8.IndyGuardsFiltersAndSignatures.unwrap(IndyGuardsFiltersAndSignatures.java:160)\r\n\tat org.codehaus.groovy.vmplugin.v8.IndyInterface.fromCache(IndyInterface.java:318)\r\n\tat calculator.StepDefinition.iGetTheResultResultInDouble(StepDefinition.groovy:123)\r\n\tat ✽.I get the result 111(C:/Users/tugia/Katalon Studio/A3-Calculator/Include/features/CAL-7 GCD.feature:7)\r\n",
              "duration": 621100,
              "status": "failed"
            },
            "line": 7,
            "name": "I get the result 111",
            "match": {
              "arguments": [
                {
                  "val": "111",
                  "offset": 17
                }
              ],
              "location": "StepDefinition.iGetTheResultResultInDouble(int)"
            },
            "keyword": "Then ",
            "BDD_STEP_UUID": "8aad2d2d-235c-45f9-953e-7fa73ae05ce1"
          }
        ]
      },
      {
        "BDD_TESTRUN_UUID": "ac6de67d-d3b5-48de-9ebc-58f056b44e42",
        "line": 21,
        "name": "Illegal GCD",
        "description": "",
        "id": "gcd;illegal-gcd;;2",
        "type": "scenario",
        "keyword": "Scenario Outline",
        "steps": [
          {
            "result": {
              "duration": 285900,
              "status": "passed"
            },
            "line": 15,
            "name": "I run the code",
            "match": {
              "location": "StepDefinition.iRunTheCode()"
            },
            "keyword": "Given ",
            "BDD_STEP_UUID": "b9d03efa-e60a-47ef-924b-97f1bece1232"
          },
          {
            "result": {
              "duration": 306100,
              "status": "passed"
            },
            "line": 16,
            "name": "0 illegal gcd 0",
            "match": {
              "arguments": [
                {
                  "val": "0",
                  "offset": 0
                },
                {
                  "val": "0",
                  "offset": 14
                }
              ],
              "location": "StepDefinition.aIllegalGCDB(Integer,Integer)"
            },
            "keyword": "When ",
            "BDD_STEP_UUID": "527d72b5-1c05-4359-bf3a-8ab403458cf6"
          },
          {
            "result": {
              "error_message": "groovy.lang.MissingMethodException: No signature of method: calculator.StepDefinition.assertEquals() is applicable for argument types: (String, String) values: [GCD(0, 0) is undefined, GCD(0, 0) is undefined]\r\n\tat org.codehaus.groovy.runtime.ScriptBytecodeAdapter.unwrap(ScriptBytecodeAdapter.java:70)\r\n\tat org.codehaus.groovy.vmplugin.v8.IndyGuardsFiltersAndSignatures.unwrap(IndyGuardsFiltersAndSignatures.java:160)\r\n\tat org.codehaus.groovy.vmplugin.v8.IndyInterface.fromCache(IndyInterface.java:318)\r\n\tat calculator.StepDefinition.iGetTheException(StepDefinition.groovy:197)\r\n\tat ✽.I get the Exception \"GCD(0, 0) is undefined\"(C:/Users/tugia/Katalon Studio/A3-Calculator/Include/features/CAL-7 GCD.feature:17)\r\n",
              "duration": 393800,
              "status": "failed"
            },
            "line": 17,
            "name": "I get the Exception \"GCD(0, 0) is undefined\"",
            "match": {
              "arguments": [
                {
                  "val": "\"GCD(0, 0) is undefined\"",
                  "offset": 20
                }
              ],
              "location": "StepDefinition.iGetTheException(String)"
            },
            "keyword": "Then ",
            "BDD_STEP_UUID": "bc9f175e-3052-47b0-9f92-dec2ff458425"
          }
        ]
      }
    ],
    "name": "gcd",
    "description": "  I want to use GCD operator",
    "id": "gcd",
    "keyword": "Feature",
    "uri": "C:/Users/tugia/Katalon Studio/A3-Calculator/Include/features/CAL-7 GCD.feature",
    "tags": []
  }
]