[
  {
    "line": 1,
    "elements": [
      {
        "line": 11,
        "name": "Fibonacci",
        "description": "",
        "id": "fibonacci;fibonacci;;2",
        "type": "scenario",
        "keyword": "Scenario Outline",
        "steps": [
          {
            "result": {
              "duration": 224800,
              "status": "passed"
            },
            "line": 5,
            "name": "I run the code",
            "match": {
              "location": "StepDefinition.iRunTheCode()"
            },
            "keyword": "Given "
          },
          {
            "result": {
              "duration": 214300,
              "status": "passed"
            },
            "line": 6,
            "name": "fibonacci number of 15",
            "match": {
              "arguments": [
                {
                  "val": "15",
                  "offset": 20
                }
              ],
              "location": "StepDefinition.fibonacci(Integer)"
            },
            "keyword": "When "
          },
          {
            "result": {
              "error_message": "groovy.lang.MissingMethodException: No signature of method: calculator.StepDefinition.assertEquals() is applicable for argument types: (Long, Long) values: [610, 610]\r\n\tat org.codehaus.groovy.runtime.ScriptBytecodeAdapter.unwrap(ScriptBytecodeAdapter.java:70)\r\n\tat org.codehaus.groovy.vmplugin.v8.IndyGuardsFiltersAndSignatures.unwrap(IndyGuardsFiltersAndSignatures.java:160)\r\n\tat org.codehaus.groovy.vmplugin.v8.IndyInterface.fromCache(IndyInterface.java:318)\r\n\tat calculator.StepDefinition.iGetTheResultResultInLong(StepDefinition.groovy:138)\r\n\tat ✽.I get the result 610 in Long(C:/Users/tugia/Katalon Studio/A3-Calculator/Include/features/CAL-9 Fibonacci.feature:7)\r\n",
              "duration": 316100,
              "status": "failed"
            },
            "line": 7,
            "name": "I get the result 610 in Long",
            "match": {
              "arguments": [
                {
                  "val": "610",
                  "offset": 17
                }
              ],
              "location": "StepDefinition.iGetTheResultResultInLong(long)"
            },
            "keyword": "Then "
          }
        ]
      },
      {
        "line": 12,
        "name": "Fibonacci",
        "description": "",
        "id": "fibonacci;fibonacci;;3",
        "type": "scenario",
        "keyword": "Scenario Outline",
        "steps": [
          {
            "result": {
              "duration": 248200,
              "status": "passed"
            },
            "line": 5,
            "name": "I run the code",
            "match": {
              "location": "StepDefinition.iRunTheCode()"
            },
            "keyword": "Given "
          },
          {
            "result": {
              "duration": 240600,
              "status": "passed"
            },
            "line": 6,
            "name": "fibonacci number of 1",
            "match": {
              "arguments": [
                {
                  "val": "1",
                  "offset": 20
                }
              ],
              "location": "StepDefinition.fibonacci(Integer)"
            },
            "keyword": "When "
          },
          {
            "result": {
              "error_message": "groovy.lang.MissingMethodException: No signature of method: calculator.StepDefinition.assertEquals() is applicable for argument types: (Long, Long) values: [1, 1]\r\n\tat org.codehaus.groovy.runtime.ScriptBytecodeAdapter.unwrap(ScriptBytecodeAdapter.java:70)\r\n\tat org.codehaus.groovy.vmplugin.v8.IndyGuardsFiltersAndSignatures.unwrap(IndyGuardsFiltersAndSignatures.java:160)\r\n\tat org.codehaus.groovy.vmplugin.v8.IndyInterface.fromCache(IndyInterface.java:318)\r\n\tat calculator.StepDefinition.iGetTheResultResultInLong(StepDefinition.groovy:138)\r\n\tat ✽.I get the result 1 in Long(C:/Users/tugia/Katalon Studio/A3-Calculator/Include/features/CAL-9 Fibonacci.feature:7)\r\n",
              "duration": 307200,
              "status": "failed"
            },
            "line": 7,
            "name": "I get the result 1 in Long",
            "match": {
              "arguments": [
                {
                  "val": "1",
                  "offset": 17
                }
              ],
              "location": "StepDefinition.iGetTheResultResultInLong(long)"
            },
            "keyword": "Then "
          }
        ]
      },
      {
        "line": 13,
        "name": "Fibonacci",
        "description": "",
        "id": "fibonacci;fibonacci;;4",
        "type": "scenario",
        "keyword": "Scenario Outline",
        "steps": [
          {
            "result": {
              "duration": 250300,
              "status": "passed"
            },
            "line": 5,
            "name": "I run the code",
            "match": {
              "location": "StepDefinition.iRunTheCode()"
            },
            "keyword": "Given "
          },
          {
            "result": {
              "duration": 207500,
              "status": "passed"
            },
            "line": 6,
            "name": "fibonacci number of 0",
            "match": {
              "arguments": [
                {
                  "val": "0",
                  "offset": 20
                }
              ],
              "location": "StepDefinition.fibonacci(Integer)"
            },
            "keyword": "When "
          },
          {
            "result": {
              "error_message": "groovy.lang.MissingMethodException: No signature of method: calculator.StepDefinition.assertEquals() is applicable for argument types: (Long, Long) values: [0, 0]\r\n\tat org.codehaus.groovy.runtime.ScriptBytecodeAdapter.unwrap(ScriptBytecodeAdapter.java:70)\r\n\tat org.codehaus.groovy.vmplugin.v8.IndyGuardsFiltersAndSignatures.unwrap(IndyGuardsFiltersAndSignatures.java:160)\r\n\tat org.codehaus.groovy.vmplugin.v8.IndyInterface.fromCache(IndyInterface.java:318)\r\n\tat calculator.StepDefinition.iGetTheResultResultInLong(StepDefinition.groovy:138)\r\n\tat ✽.I get the result 0 in Long(C:/Users/tugia/Katalon Studio/A3-Calculator/Include/features/CAL-9 Fibonacci.feature:7)\r\n",
              "duration": 367200,
              "status": "failed"
            },
            "line": 7,
            "name": "I get the result 0 in Long",
            "match": {
              "arguments": [
                {
                  "val": "0",
                  "offset": 17
                }
              ],
              "location": "StepDefinition.iGetTheResultResultInLong(long)"
            },
            "keyword": "Then "
          }
        ]
      },
      {
        "line": 14,
        "name": "Fibonacci",
        "description": "",
        "id": "fibonacci;fibonacci;;5",
        "type": "scenario",
        "keyword": "Scenario Outline",
        "steps": [
          {
            "result": {
              "duration": 192900,
              "status": "passed"
            },
            "line": 5,
            "name": "I run the code",
            "match": {
              "location": "StepDefinition.iRunTheCode()"
            },
            "keyword": "Given "
          },
          {
            "result": {
              "duration": 53077588300,
              "status": "passed"
            },
            "line": 6,
            "name": "fibonacci number of 50",
            "match": {
              "arguments": [
                {
                  "val": "50",
                  "offset": 20
                }
              ],
              "location": "StepDefinition.fibonacci(Integer)"
            },
            "keyword": "When "
          },
          {
            "result": {
              "error_message": "groovy.lang.MissingMethodException: No signature of method: calculator.StepDefinition.assertEquals() is applicable for argument types: (Long, Long) values: [12586269025, 12586269025]\r\n\tat org.codehaus.groovy.runtime.ScriptBytecodeAdapter.unwrap(ScriptBytecodeAdapter.java:70)\r\n\tat org.codehaus.groovy.vmplugin.v8.IndyGuardsFiltersAndSignatures.unwrap(IndyGuardsFiltersAndSignatures.java:160)\r\n\tat org.codehaus.groovy.vmplugin.v8.IndyInterface.fromCache(IndyInterface.java:318)\r\n\tat calculator.StepDefinition.iGetTheResultResultInLong(StepDefinition.groovy:138)\r\n\tat ✽.I get the result 12586269025 in Long(C:/Users/tugia/Katalon Studio/A3-Calculator/Include/features/CAL-9 Fibonacci.feature:7)\r\n",
              "duration": 409300,
              "status": "failed"
            },
            "line": 7,
            "name": "I get the result 12586269025 in Long",
            "match": {
              "arguments": [
                {
                  "val": "12586269025",
                  "offset": 17
                }
              ],
              "location": "StepDefinition.iGetTheResultResultInLong(long)"
            },
            "keyword": "Then "
          }
        ]
      },
      {
        "line": 23,
        "name": "Error Fibonacci",
        "description": "",
        "id": "fibonacci;error-fibonacci;;2",
        "type": "scenario",
        "keyword": "Scenario Outline",
        "steps": [
          {
            "result": {
              "duration": 703100,
              "status": "passed"
            },
            "line": 17,
            "name": "I run the code",
            "match": {
              "location": "StepDefinition.iRunTheCode()"
            },
            "keyword": "Given "
          },
          {
            "result": {
              "duration": 259000,
              "status": "passed"
            },
            "line": 18,
            "name": "illegal fibonacci number of -1",
            "match": {
              "arguments": [
                {
                  "val": "-1",
                  "offset": 28
                }
              ],
              "location": "StepDefinition.aIllegalFibonacci(Integer)"
            },
            "keyword": "When "
          },
          {
            "result": {
              "error_message": "groovy.lang.MissingMethodException: No signature of method: calculator.StepDefinition.assertEquals() is applicable for argument types: (String, String) values: [Fibonacci cannot be calculated for negative numbers, Fibonacci cannot be calculated for negative numbers]\r\n\tat org.codehaus.groovy.runtime.ScriptBytecodeAdapter.unwrap(ScriptBytecodeAdapter.java:70)\r\n\tat org.codehaus.groovy.vmplugin.v8.IndyGuardsFiltersAndSignatures.unwrap(IndyGuardsFiltersAndSignatures.java:160)\r\n\tat org.codehaus.groovy.vmplugin.v8.IndyInterface.fromCache(IndyInterface.java:318)\r\n\tat calculator.StepDefinition.iGetTheException(StepDefinition.groovy:197)\r\n\tat ✽.I get the Exception \"Fibonacci cannot be calculated for negative numbers\"(C:/Users/tugia/Katalon Studio/A3-Calculator/Include/features/CAL-9 Fibonacci.feature:19)\r\n",
              "duration": 409300,
              "status": "failed"
            },
            "line": 19,
            "name": "I get the Exception \"Fibonacci cannot be calculated for negative numbers\"",
            "match": {
              "arguments": [
                {
                  "val": "\"Fibonacci cannot be calculated for negative numbers\"",
                  "offset": 20
                }
              ],
              "location": "StepDefinition.iGetTheException(String)"
            },
            "keyword": "Then "
          }
        ]
      }
    ],
    "name": "fibonacci",
    "description": "  I want to use add operator",
    "id": "fibonacci",
    "keyword": "Feature",
    "uri": "C:/Users/tugia/Katalon Studio/A3-Calculator/Include/features/CAL-9 Fibonacci.feature",
    "tags": []
  }
]