[
  {
    "line": 1,
    "elements": [
      {
        "BDD_TESTRUN_UUID": "ccecb296-4a92-4769-ac94-990fc8677f83",
        "line": 11,
        "name": "Fibonacci",
        "description": "",
        "id": "fibonacci;fibonacci;;2",
        "type": "scenario",
        "keyword": "Scenario Outline",
        "steps": [
          {
            "result": {
              "duration": 224800,
              "status": "passed"
            },
            "line": 5,
            "name": "I run the code",
            "match": {
              "location": "StepDefinition.iRunTheCode()"
            },
            "keyword": "Given ",
            "BDD_STEP_UUID": "878258d8-9642-47ce-a61d-a44bf917e16a"
          },
          {
            "result": {
              "duration": 214300,
              "status": "passed"
            },
            "line": 6,
            "name": "fibonacci number of 15",
            "match": {
              "arguments": [
                {
                  "val": "15",
                  "offset": 20
                }
              ],
              "location": "StepDefinition.fibonacci(Integer)"
            },
            "keyword": "When ",
            "BDD_STEP_UUID": "d83fdc70-9970-4be4-b38f-cbb4d6bb7ecf"
          },
          {
            "result": {
              "error_message": "groovy.lang.MissingMethodException: No signature of method: calculator.StepDefinition.assertEquals() is applicable for argument types: (Long, Long) values: [610, 610]\r\n\tat org.codehaus.groovy.runtime.ScriptBytecodeAdapter.unwrap(ScriptBytecodeAdapter.java:70)\r\n\tat org.codehaus.groovy.vmplugin.v8.IndyGuardsFiltersAndSignatures.unwrap(IndyGuardsFiltersAndSignatures.java:160)\r\n\tat org.codehaus.groovy.vmplugin.v8.IndyInterface.fromCache(IndyInterface.java:318)\r\n\tat calculator.StepDefinition.iGetTheResultResultInLong(StepDefinition.groovy:138)\r\n\tat ✽.I get the result 610 in Long(C:/Users/tugia/Katalon Studio/A3-Calculator/Include/features/CAL-9 Fibonacci.feature:7)\r\n",
              "duration": 316100,
              "status": "failed"
            },
            "line": 7,
            "name": "I get the result 610 in Long",
            "match": {
              "arguments": [
                {
                  "val": "610",
                  "offset": 17
                }
              ],
              "location": "StepDefinition.iGetTheResultResultInLong(long)"
            },
            "keyword": "Then ",
            "BDD_STEP_UUID": "cf5a9113-0421-4306-bdab-d484a59c3832"
          }
        ]
      },
      {
        "BDD_TESTRUN_UUID": "85a3d445-2357-4eb3-91e4-90c7d4b52ab0",
        "line": 12,
        "name": "Fibonacci",
        "description": "",
        "id": "fibonacci;fibonacci;;3",
        "type": "scenario",
        "keyword": "Scenario Outline",
        "steps": [
          {
            "result": {
              "duration": 248200,
              "status": "passed"
            },
            "line": 5,
            "name": "I run the code",
            "match": {
              "location": "StepDefinition.iRunTheCode()"
            },
            "keyword": "Given ",
            "BDD_STEP_UUID": "a4d81b91-6c89-4f7a-b6be-22e6b7cd5b32"
          },
          {
            "result": {
              "duration": 240600,
              "status": "passed"
            },
            "line": 6,
            "name": "fibonacci number of 1",
            "match": {
              "arguments": [
                {
                  "val": "1",
                  "offset": 20
                }
              ],
              "location": "StepDefinition.fibonacci(Integer)"
            },
            "keyword": "When ",
            "BDD_STEP_UUID": "1fdb0774-0b78-419c-8224-903acc749971"
          },
          {
            "result": {
              "error_message": "groovy.lang.MissingMethodException: No signature of method: calculator.StepDefinition.assertEquals() is applicable for argument types: (Long, Long) values: [1, 1]\r\n\tat org.codehaus.groovy.runtime.ScriptBytecodeAdapter.unwrap(ScriptBytecodeAdapter.java:70)\r\n\tat org.codehaus.groovy.vmplugin.v8.IndyGuardsFiltersAndSignatures.unwrap(IndyGuardsFiltersAndSignatures.java:160)\r\n\tat org.codehaus.groovy.vmplugin.v8.IndyInterface.fromCache(IndyInterface.java:318)\r\n\tat calculator.StepDefinition.iGetTheResultResultInLong(StepDefinition.groovy:138)\r\n\tat ✽.I get the result 1 in Long(C:/Users/tugia/Katalon Studio/A3-Calculator/Include/features/CAL-9 Fibonacci.feature:7)\r\n",
              "duration": 307200,
              "status": "failed"
            },
            "line": 7,
            "name": "I get the result 1 in Long",
            "match": {
              "arguments": [
                {
                  "val": "1",
                  "offset": 17
                }
              ],
              "location": "StepDefinition.iGetTheResultResultInLong(long)"
            },
            "keyword": "Then ",
            "BDD_STEP_UUID": "4d83b031-1e66-4b8f-acb2-58a5ccdbe3c6"
          }
        ]
      },
      {
        "BDD_TESTRUN_UUID": "fa7ca259-4ec0-4aa6-9e89-fd64ae904782",
        "line": 13,
        "name": "Fibonacci",
        "description": "",
        "id": "fibonacci;fibonacci;;4",
        "type": "scenario",
        "keyword": "Scenario Outline",
        "steps": [
          {
            "result": {
              "duration": 250300,
              "status": "passed"
            },
            "line": 5,
            "name": "I run the code",
            "match": {
              "location": "StepDefinition.iRunTheCode()"
            },
            "keyword": "Given ",
            "BDD_STEP_UUID": "ea07bc23-aa63-43cf-93e7-b26ad1af70f4"
          },
          {
            "result": {
              "duration": 207500,
              "status": "passed"
            },
            "line": 6,
            "name": "fibonacci number of 0",
            "match": {
              "arguments": [
                {
                  "val": "0",
                  "offset": 20
                }
              ],
              "location": "StepDefinition.fibonacci(Integer)"
            },
            "keyword": "When ",
            "BDD_STEP_UUID": "cb8086af-8755-405c-9060-9faa33d51a4c"
          },
          {
            "result": {
              "error_message": "groovy.lang.MissingMethodException: No signature of method: calculator.StepDefinition.assertEquals() is applicable for argument types: (Long, Long) values: [0, 0]\r\n\tat org.codehaus.groovy.runtime.ScriptBytecodeAdapter.unwrap(ScriptBytecodeAdapter.java:70)\r\n\tat org.codehaus.groovy.vmplugin.v8.IndyGuardsFiltersAndSignatures.unwrap(IndyGuardsFiltersAndSignatures.java:160)\r\n\tat org.codehaus.groovy.vmplugin.v8.IndyInterface.fromCache(IndyInterface.java:318)\r\n\tat calculator.StepDefinition.iGetTheResultResultInLong(StepDefinition.groovy:138)\r\n\tat ✽.I get the result 0 in Long(C:/Users/tugia/Katalon Studio/A3-Calculator/Include/features/CAL-9 Fibonacci.feature:7)\r\n",
              "duration": 367200,
              "status": "failed"
            },
            "line": 7,
            "name": "I get the result 0 in Long",
            "match": {
              "arguments": [
                {
                  "val": "0",
                  "offset": 17
                }
              ],
              "location": "StepDefinition.iGetTheResultResultInLong(long)"
            },
            "keyword": "Then ",
            "BDD_STEP_UUID": "66911387-082b-4971-95a8-fbbd69c344f3"
          }
        ]
      },
      {
        "BDD_TESTRUN_UUID": "7791dee5-ad21-4f5d-81e8-5df69011be86",
        "line": 14,
        "name": "Fibonacci",
        "description": "",
        "id": "fibonacci;fibonacci;;5",
        "type": "scenario",
        "keyword": "Scenario Outline",
        "steps": [
          {
            "result": {
              "duration": 192900,
              "status": "passed"
            },
            "line": 5,
            "name": "I run the code",
            "match": {
              "location": "StepDefinition.iRunTheCode()"
            },
            "keyword": "Given ",
            "BDD_STEP_UUID": "874341d7-b29b-425d-af03-9e9c61d02f16"
          },
          {
            "result": {
              "duration": 53077588300,
              "status": "passed"
            },
            "line": 6,
            "name": "fibonacci number of 50",
            "match": {
              "arguments": [
                {
                  "val": "50",
                  "offset": 20
                }
              ],
              "location": "StepDefinition.fibonacci(Integer)"
            },
            "keyword": "When ",
            "BDD_STEP_UUID": "e437eaca-405f-48dc-bfdb-dffa48409f47"
          },
          {
            "result": {
              "error_message": "groovy.lang.MissingMethodException: No signature of method: calculator.StepDefinition.assertEquals() is applicable for argument types: (Long, Long) values: [12586269025, 12586269025]\r\n\tat org.codehaus.groovy.runtime.ScriptBytecodeAdapter.unwrap(ScriptBytecodeAdapter.java:70)\r\n\tat org.codehaus.groovy.vmplugin.v8.IndyGuardsFiltersAndSignatures.unwrap(IndyGuardsFiltersAndSignatures.java:160)\r\n\tat org.codehaus.groovy.vmplugin.v8.IndyInterface.fromCache(IndyInterface.java:318)\r\n\tat calculator.StepDefinition.iGetTheResultResultInLong(StepDefinition.groovy:138)\r\n\tat ✽.I get the result 12586269025 in Long(C:/Users/tugia/Katalon Studio/A3-Calculator/Include/features/CAL-9 Fibonacci.feature:7)\r\n",
              "duration": 409300,
              "status": "failed"
            },
            "line": 7,
            "name": "I get the result 12586269025 in Long",
            "match": {
              "arguments": [
                {
                  "val": "12586269025",
                  "offset": 17
                }
              ],
              "location": "StepDefinition.iGetTheResultResultInLong(long)"
            },
            "keyword": "Then ",
            "BDD_STEP_UUID": "3f20e226-f8d6-4482-9066-5dc22d3d1eaf"
          }
        ]
      },
      {
        "BDD_TESTRUN_UUID": "aa36ac2e-3cec-48c7-88ea-4b0748eee83b",
        "line": 23,
        "name": "Error Fibonacci",
        "description": "",
        "id": "fibonacci;error-fibonacci;;2",
        "type": "scenario",
        "keyword": "Scenario Outline",
        "steps": [
          {
            "result": {
              "duration": 703100,
              "status": "passed"
            },
            "line": 17,
            "name": "I run the code",
            "match": {
              "location": "StepDefinition.iRunTheCode()"
            },
            "keyword": "Given ",
            "BDD_STEP_UUID": "01e4440f-4d19-433b-ba55-7cc6a70bc8ce"
          },
          {
            "result": {
              "duration": 259000,
              "status": "passed"
            },
            "line": 18,
            "name": "illegal fibonacci number of -1",
            "match": {
              "arguments": [
                {
                  "val": "-1",
                  "offset": 28
                }
              ],
              "location": "StepDefinition.aIllegalFibonacci(Integer)"
            },
            "keyword": "When ",
            "BDD_STEP_UUID": "aa7e42e8-3830-4672-b047-22f1f6c0e143"
          },
          {
            "result": {
              "error_message": "groovy.lang.MissingMethodException: No signature of method: calculator.StepDefinition.assertEquals() is applicable for argument types: (String, String) values: [Fibonacci cannot be calculated for negative numbers, Fibonacci cannot be calculated for negative numbers]\r\n\tat org.codehaus.groovy.runtime.ScriptBytecodeAdapter.unwrap(ScriptBytecodeAdapter.java:70)\r\n\tat org.codehaus.groovy.vmplugin.v8.IndyGuardsFiltersAndSignatures.unwrap(IndyGuardsFiltersAndSignatures.java:160)\r\n\tat org.codehaus.groovy.vmplugin.v8.IndyInterface.fromCache(IndyInterface.java:318)\r\n\tat calculator.StepDefinition.iGetTheException(StepDefinition.groovy:197)\r\n\tat ✽.I get the Exception \"Fibonacci cannot be calculated for negative numbers\"(C:/Users/tugia/Katalon Studio/A3-Calculator/Include/features/CAL-9 Fibonacci.feature:19)\r\n",
              "duration": 409300,
              "status": "failed"
            },
            "line": 19,
            "name": "I get the Exception \"Fibonacci cannot be calculated for negative numbers\"",
            "match": {
              "arguments": [
                {
                  "val": "\"Fibonacci cannot be calculated for negative numbers\"",
                  "offset": 20
                }
              ],
              "location": "StepDefinition.iGetTheException(String)"
            },
            "keyword": "Then ",
            "BDD_STEP_UUID": "ce93e9ac-e9e5-437a-9c3c-3a91a2259e3d"
          }
        ]
      }
    ],
    "name": "fibonacci",
    "description": "  I want to use add operator",
    "id": "fibonacci",
    "keyword": "Feature",
    "uri": "C:/Users/tugia/Katalon Studio/A3-Calculator/Include/features/CAL-9 Fibonacci.feature",
    "tags": []
  }
]