Suite/Test/Step Name,Browser,Description,Tag,Start time,End time,Duration,Status
TestSuite,,,,17-09-2024 22:33:22,17-09-2024 22:34:14,52.550s,FAILED
,,,,,,,
Test Cases/CAL-1 Add,,"Summary: Add
Description: ",jira-integration,17-09-2024 22:33:23,17-09-2024 22:33:23,0.078s,FAILED
Start listener action : beforeTestCase,,,,17-09-2024 22:33:23,17-09-2024 22:33:23,0.002s,PASSED
"runFeatureFile(""Include/features/CAL-1 Add.feature"")",,,,17-09-2024 22:33:23,17-09-2024 22:33:23,0.065s,FAILED
,,,,,,,
Test Cases/CAL-2 Minus,,"Summary: Minus
Description: ",jira-integration,17-09-2024 22:33:23,17-09-2024 22:33:23,0.111s,PASSED
Start listener action : beforeTestCase,,,,17-09-2024 22:33:23,17-09-2024 22:33:23,0.001s,PASSED
"runFeatureFile(""Include/features/CAL-2 Minus.feature"")",,,,17-09-2024 22:33:23,17-09-2024 22:33:23,0.057s,PASSED
,,,,,,,
Test Cases/CAL-3 Multiply,,"Summary: Multiply
Description: ",jira-integration,17-09-2024 22:33:23,17-09-2024 22:33:23,0.096s,PASSED
Start listener action : beforeTestCase,,,,17-09-2024 22:33:23,17-09-2024 22:33:23,0.001s,PASSED
"runFeatureFile(""Include/features/CAL-3 Multiply.feature"")",,,,17-09-2024 22:33:23,17-09-2024 22:33:23,0.050s,PASSED
,,,,,,,
Test Cases/CAL-4 Divide,,"Summary: Divide
Description: ",jira-integration,17-09-2024 22:33:23,17-09-2024 22:33:23,0.061s,FAILED
Start listener action : beforeTestCase,,,,17-09-2024 22:33:23,17-09-2024 22:33:23,0.001s,PASSED
"runFeatureFile(""Include/features/CAL-4 Divide.feature"")",,,,17-09-2024 22:33:23,17-09-2024 22:33:23,0.050s,FAILED
,,,,,,,
Test Cases/CAL-5 Modulus,,"Summary: Modulus
Description: ",jira-integration,17-09-2024 22:33:23,17-09-2024 22:33:23,0.048s,FAILED
Start listener action : beforeTestCase,,,,17-09-2024 22:33:23,17-09-2024 22:33:23,0.002s,PASSED
"runFeatureFile(""Include/features/CAL-5 Modulus.feature"")",,,,17-09-2024 22:33:23,17-09-2024 22:33:23,0.036s,FAILED
,,,,,,,
Test Cases/CAL-6 Power,,"Summary: Power
Description: ",jira-integration,17-09-2024 22:33:24,17-09-2024 22:33:24,0.055s,FAILED
Start listener action : beforeTestCase,,,,17-09-2024 22:33:24,17-09-2024 22:33:24,0.002s,PASSED
"runFeatureFile(""Include/features/CAL-6 Power.feature"")",,,,17-09-2024 22:33:24,17-09-2024 22:33:24,0.045s,FAILED
,,,,,,,
Test Cases/CAL-7 GCD,,"Summary: GCD
Description: ",jira-integration,17-09-2024 22:33:24,17-09-2024 22:33:24,0.069s,PASSED
Start listener action : beforeTestCase,,,,17-09-2024 22:33:24,17-09-2024 22:33:24,0.002s,PASSED
"runFeatureFile(""Include/features/CAL-7 GCD.feature"")",,,,17-09-2024 22:33:24,17-09-2024 22:33:24,0.032s,PASSED
,,,,,,,
Test Cases/CAL-8 LCM,,"Summary: LCM
Description: ",jira-integration,17-09-2024 22:33:24,17-09-2024 22:33:24,0.074s,PASSED
Start listener action : beforeTestCase,,,,17-09-2024 22:33:24,17-09-2024 22:33:24,0.001s,PASSED
"runFeatureFile(""Include/features/CAL-8 LCM.feature"")",,,,17-09-2024 22:33:24,17-09-2024 22:33:24,0.033s,PASSED
,,,,,,,
Test Cases/CAL-9 Fibonacci,,"Summary: Fibonacci
Description: ",jira-integration,17-09-2024 22:33:24,17-09-2024 22:34:14,50.158s,PASSED
Start listener action : beforeTestCase,,,,17-09-2024 22:33:24,17-09-2024 22:33:24,0.001s,PASSED
"runFeatureFile(""Include/features/CAL-9 Fibonacci.feature"")",,,,17-09-2024 22:33:24,17-09-2024 22:34:14,50.122s,PASSED
