[
  {
    "line": 1,
    "elements": [
      {
        "BDD_TESTRUN_UUID": "0846fedf-aee5-4a2a-b870-d82c03746554",
        "line": 11,
        "name": "Division",
        "description": "",
        "id": "divide;division;;2",
        "type": "scenario",
        "keyword": "Scenario Outline",
        "steps": [
          {
            "result": {
              "duration": 698800,
              "status": "passed"
            },
            "line": 5,
            "name": "I run the code",
            "match": {
              "location": "StepDefinition.iRunTheCode()"
            },
            "keyword": "Given ",
            "BDD_STEP_UUID": "d10e2650-7ace-45ef-a589-a3c25bac6d9b"
          },
          {
            "result": {
              "duration": 2135400,
              "status": "passed"
            },
            "line": 6,
            "name": "10 divide 20",
            "match": {
              "arguments": [
                {
                  "val": "10",
                  "offset": 0
                },
                {
                  "val": "20",
                  "offset": 10
                }
              ],
              "location": "StepDefinition.divide(Integer,Integer)"
            },
            "keyword": "When ",
            "BDD_STEP_UUID": "ffb0fff1-ba7d-4898-b121-899ebb2a7fb8"
          },
          {
            "result": {
              "duration": 8282900,
              "status": "passed"
            },
            "line": 7,
            "name": "I get the result 0.5 in Double with 1",
            "match": {
              "arguments": [
                {
                  "val": "0.5",
                  "offset": 17
                },
                {
                  "val": "1",
                  "offset": 36
                }
              ],
              "location": "StepDefinition.iGetTheResultResultInDouble(double,int)"
            },
            "keyword": "Then ",
            "BDD_STEP_UUID": "9d4f6cbe-50d8-4534-86ac-b0b6a6fb20c4"
          }
        ]
      },
      {
        "BDD_TESTRUN_UUID": "f40629ed-ca5e-4d29-9355-1f35bec1e024",
        "line": 12,
        "name": "Division",
        "description": "",
        "id": "divide;division;;3",
        "type": "scenario",
        "keyword": "Scenario Outline",
        "steps": [
          {
            "result": {
              "duration": 521700,
              "status": "passed"
            },
            "line": 5,
            "name": "I run the code",
            "match": {
              "location": "StepDefinition.iRunTheCode()"
            },
            "keyword": "Given ",
            "BDD_STEP_UUID": "6850f28a-4149-4cb5-8915-052d73e004ae"
          },
          {
            "result": {
              "duration": 530900,
              "status": "passed"
            },
            "line": 6,
            "name": "222 divide 111",
            "match": {
              "arguments": [
                {
                  "val": "222",
                  "offset": 0
                },
                {
                  "val": "111",
                  "offset": 11
                }
              ],
              "location": "StepDefinition.divide(Integer,Integer)"
            },
            "keyword": "When ",
            "BDD_STEP_UUID": "4a18fe0d-1187-4efa-b856-d30591dd891c"
          },
          {
            "result": {
              "status": "undefined"
            },
            "line": 7,
            "name": "I get the result 2 in Double with 0",
            "match": {},
            "keyword": "Then ",
            "BDD_STEP_UUID": "4b5fcbe1-3bd1-451b-985e-d4722c98b3c7"
          }
        ]
      },
      {
        "BDD_TESTRUN_UUID": "d8b14871-71dd-4154-a87b-79908d4dea58",
        "line": 13,
        "name": "Division",
        "description": "",
        "id": "divide;division;;4",
        "type": "scenario",
        "keyword": "Scenario Outline",
        "steps": [
          {
            "result": {
              "duration": 422400,
              "status": "passed"
            },
            "line": 5,
            "name": "I run the code",
            "match": {
              "location": "StepDefinition.iRunTheCode()"
            },
            "keyword": "Given ",
            "BDD_STEP_UUID": "b155413d-ef8c-4df0-934d-9ff1c5758fb4"
          },
          {
            "result": {
              "duration": 479700,
              "status": "passed"
            },
            "line": 6,
            "name": "132 divide 1",
            "match": {
              "arguments": [
                {
                  "val": "132",
                  "offset": 0
                },
                {
                  "val": "1",
                  "offset": 11
                }
              ],
              "location": "StepDefinition.divide(Integer,Integer)"
            },
            "keyword": "When ",
            "BDD_STEP_UUID": "a08a0252-9b99-4138-a229-2ae659a0e890"
          },
          {
            "result": {
              "status": "undefined"
            },
            "line": 7,
            "name": "I get the result 132 in Double with 0",
            "match": {},
            "keyword": "Then ",
            "BDD_STEP_UUID": "75a1892c-e3c0-4cec-9ca2-591ce5446153"
          }
        ]
      },
      {
        "BDD_TESTRUN_UUID": "14a95a35-8f76-4eb0-bde5-1a972975a018",
        "line": 22,
        "name": "Illegal Division",
        "description": "",
        "id": "divide;illegal-division;;2",
        "type": "scenario",
        "keyword": "Scenario Outline",
        "steps": [
          {
            "result": {
              "duration": 905800,
              "status": "passed"
            },
            "line": 16,
            "name": "I run the code",
            "match": {
              "location": "StepDefinition.iRunTheCode()"
            },
            "keyword": "Given ",
            "BDD_STEP_UUID": "2cce59e0-05ac-47ec-b165-3dbc19d93e09"
          },
          {
            "result": {
              "duration": 14744300,
              "status": "passed"
            },
            "line": 17,
            "name": "10 illegal divide 0",
            "match": {
              "arguments": [
                {
                  "val": "10",
                  "offset": 0
                },
                {
                  "val": "0",
                  "offset": 18
                }
              ],
              "location": "StepDefinition.aIllegalDivideB(Integer,Integer)"
            },
            "keyword": "When ",
            "BDD_STEP_UUID": "d7ac545a-684b-41d5-b870-f713a1213081"
          },
          {
            "result": {
              "duration": 1876400,
              "status": "passed"
            },
            "line": 18,
            "name": "I get the Exception \"Divisor cannot be zero\"",
            "match": {
              "arguments": [
                {
                  "val": "\"Divisor cannot be zero\"",
                  "offset": 20
                }
              ],
              "location": "StepDefinition.iGetTheException(String)"
            },
            "keyword": "Then ",
            "BDD_STEP_UUID": "d809ab2c-6054-41e9-92a2-ac2655ceb38e"
          }
        ]
      }
    ],
    "name": "divide",
    "description": "  I want to use divide operator",
    "id": "divide",
    "keyword": "Feature",
    "uri": "C:/Users/tugia/Katalon Studio/A3-Calculator/Include/features/CAL-4 Divide.feature",
    "tags": []
  }
]