[
  {
    "line": 1,
    "elements": [
      {
        "BDD_TESTRUN_UUID": "2e9d2757-eba6-4208-88db-980ba7d0e472",
        "line": 11,
        "name": "Addition",
        "description": "",
        "id": "add;addition;;2",
        "type": "scenario",
        "keyword": "Scenario Outline",
        "steps": [
          {
            "result": {
              "duration": 730800,
              "status": "passed"
            },
            "line": 5,
            "name": "I run the code",
            "match": {
              "location": "StepDefinition.iRunTheCode()"
            },
            "keyword": "Given ",
            "BDD_STEP_UUID": "8efe8aac-f2d9-453e-9963-bc86e0f04179"
          },
          {
            "result": {
              "duration": 493300,
              "status": "passed"
            },
            "line": 6,
            "name": "10 plus 20",
            "match": {
              "arguments": [
                {
                  "val": "10",
                  "offset": 0
                },
                {
                  "val": "20",
                  "offset": 8
                }
              ],
              "location": "StepDefinition.aPlusB(int,int)"
            },
            "keyword": "When ",
            "BDD_STEP_UUID": "d06572a9-56c2-4cb5-9e32-890f9dcff7f7"
          },
          {
            "result": {
              "error_message": "groovy.lang.MissingMethodException: No signature of method: calculator.StepDefinition.assertEquals() is applicable for argument types: (Integer, Integer) values: [30, 30]\r\n\tat org.codehaus.groovy.runtime.ScriptBytecodeAdapter.unwrap(ScriptBytecodeAdapter.java:70)\r\n\tat org.codehaus.groovy.vmplugin.v8.IndyGuardsFiltersAndSignatures.unwrap(IndyGuardsFiltersAndSignatures.java:160)\r\n\tat org.codehaus.groovy.vmplugin.v8.IndyInterface.fromCache(IndyInterface.java:318)\r\n\tat calculator.StepDefinition.iGetTheResultResultInDouble(StepDefinition.groovy:123)\r\n\tat ✽.I get the result 30(C:/Users/tugia/Katalon Studio/A3-Calculator/Include/features/CAL-1 Add.feature:7)\r\n",
              "duration": 571600,
              "status": "failed"
            },
            "line": 7,
            "name": "I get the result 30",
            "match": {
              "arguments": [
                {
                  "val": "30",
                  "offset": 17
                }
              ],
              "location": "StepDefinition.iGetTheResultResultInDouble(int)"
            },
            "keyword": "Then ",
            "BDD_STEP_UUID": "8f04f315-b562-4745-94b1-56ec6eafa112"
          }
        ]
      },
      {
        "BDD_TESTRUN_UUID": "013ac045-789b-415d-a266-8d686a6d2348",
        "line": 12,
        "name": "Addition",
        "description": "",
        "id": "add;addition;;3",
        "type": "scenario",
        "keyword": "Scenario Outline",
        "steps": [
          {
            "result": {
              "duration": 723900,
              "status": "passed"
            },
            "line": 5,
            "name": "I run the code",
            "match": {
              "location": "StepDefinition.iRunTheCode()"
            },
            "keyword": "Given ",
            "BDD_STEP_UUID": "5b8c0843-4f60-4810-9ebc-46dacb6a1eb8"
          },
          {
            "result": {
              "duration": 878300,
              "status": "passed"
            },
            "line": 6,
            "name": "123 plus 456",
            "match": {
              "arguments": [
                {
                  "val": "123",
                  "offset": 0
                },
                {
                  "val": "456",
                  "offset": 9
                }
              ],
              "location": "StepDefinition.aPlusB(int,int)"
            },
            "keyword": "When ",
            "BDD_STEP_UUID": "c0584b36-fffe-4341-9a0d-451d5d12a713"
          },
          {
            "result": {
              "error_message": "groovy.lang.MissingMethodException: No signature of method: calculator.StepDefinition.assertEquals() is applicable for argument types: (Integer, Integer) values: [579, 579]\r\n\tat org.codehaus.groovy.runtime.ScriptBytecodeAdapter.unwrap(ScriptBytecodeAdapter.java:70)\r\n\tat org.codehaus.groovy.vmplugin.v8.IndyGuardsFiltersAndSignatures.unwrap(IndyGuardsFiltersAndSignatures.java:160)\r\n\tat org.codehaus.groovy.vmplugin.v8.IndyInterface.fromCache(IndyInterface.java:318)\r\n\tat calculator.StepDefinition.iGetTheResultResultInDouble(StepDefinition.groovy:123)\r\n\tat ✽.I get the result 579(C:/Users/tugia/Katalon Studio/A3-Calculator/Include/features/CAL-1 Add.feature:7)\r\n",
              "duration": 1156600,
              "status": "failed"
            },
            "line": 7,
            "name": "I get the result 579",
            "match": {
              "arguments": [
                {
                  "val": "579",
                  "offset": 17
                }
              ],
              "location": "StepDefinition.iGetTheResultResultInDouble(int)"
            },
            "keyword": "Then ",
            "BDD_STEP_UUID": "1506414b-b1c1-4c94-962a-5eab1e6f7a08"
          }
        ]
      },
      {
        "BDD_TESTRUN_UUID": "61604231-ce58-4b4b-91f8-8268e1549d43",
        "line": 13,
        "name": "Addition",
        "description": "",
        "id": "add;addition;;4",
        "type": "scenario",
        "keyword": "Scenario Outline",
        "steps": [
          {
            "result": {
              "duration": 791400,
              "status": "passed"
            },
            "line": 5,
            "name": "I run the code",
            "match": {
              "location": "StepDefinition.iRunTheCode()"
            },
            "keyword": "Given ",
            "BDD_STEP_UUID": "5ab8441d-beb1-4c32-9c5a-67d43e4a2885"
          },
          {
            "result": {
              "duration": 879400,
              "status": "passed"
            },
            "line": 6,
            "name": "177 plus 456",
            "match": {
              "arguments": [
                {
                  "val": "177",
                  "offset": 0
                },
                {
                  "val": "456",
                  "offset": 9
                }
              ],
              "location": "StepDefinition.aPlusB(int,int)"
            },
            "keyword": "When ",
            "BDD_STEP_UUID": "d6308cbc-0154-4e60-bdd2-e13eb0a5613c"
          },
          {
            "result": {
              "error_message": "groovy.lang.MissingMethodException: No signature of method: calculator.StepDefinition.assertEquals() is applicable for argument types: (Integer, Integer) values: [633, 579]\r\n\tat org.codehaus.groovy.runtime.ScriptBytecodeAdapter.unwrap(ScriptBytecodeAdapter.java:70)\r\n\tat org.codehaus.groovy.vmplugin.v8.IndyGuardsFiltersAndSignatures.unwrap(IndyGuardsFiltersAndSignatures.java:160)\r\n\tat org.codehaus.groovy.vmplugin.v8.IndyInterface.fromCache(IndyInterface.java:318)\r\n\tat calculator.StepDefinition.iGetTheResultResultInDouble(StepDefinition.groovy:123)\r\n\tat ✽.I get the result 579(C:/Users/tugia/Katalon Studio/A3-Calculator/Include/features/CAL-1 Add.feature:7)\r\n",
              "duration": 913200,
              "status": "failed"
            },
            "line": 7,
            "name": "I get the result 579",
            "match": {
              "arguments": [
                {
                  "val": "579",
                  "offset": 17
                }
              ],
              "location": "StepDefinition.iGetTheResultResultInDouble(int)"
            },
            "keyword": "Then ",
            "BDD_STEP_UUID": "e105cfd7-8236-44f1-aaac-4cd821601fe9"
          }
        ]
      }
    ],
    "name": "add",
    "description": "    I want to use add operator",
    "id": "add",
    "keyword": "Feature",
    "uri": "C:/Users/tugia/Katalon Studio/A3-Calculator/Include/features/CAL-1 Add.feature",
    "tags": []
  }
]