[
  {
    "line": 1,
    "elements": [
      {
        "line": 11,
        "name": "LCM",
        "description": "",
        "id": "lcm;lcm;;2",
        "type": "scenario",
        "keyword": "Scenario Outline",
        "steps": [
          {
            "result": {
              "duration": 288800,
              "status": "passed"
            },
            "line": 5,
            "name": "I run the code",
            "match": {
              "location": "StepDefinition.iRunTheCode()"
            },
            "keyword": "Given "
          },
          {
            "result": {
              "duration": 575000,
              "status": "passed"
            },
            "line": 6,
            "name": "4 lcm 6",
            "match": {
              "arguments": [
                {
                  "val": "4",
                  "offset": 0
                },
                {
                  "val": "6",
                  "offset": 6
                }
              ],
              "location": "StepDefinition.lcm(Integer,Integer)"
            },
            "keyword": "When "
          },
          {
            "result": {
              "duration": 263800,
              "status": "passed"
            },
            "line": 7,
            "name": "I get the result 12",
            "match": {
              "arguments": [
                {
                  "val": "12",
                  "offset": 17
                }
              ],
              "location": "StepDefinition.iGetTheResultResultInDouble(int)"
            },
            "keyword": "Then "
          }
        ]
      },
      {
        "line": 12,
        "name": "LCM",
        "description": "",
        "id": "lcm;lcm;;3",
        "type": "scenario",
        "keyword": "Scenario Outline",
        "steps": [
          {
            "result": {
              "duration": 251400,
              "status": "passed"
            },
            "line": 5,
            "name": "I run the code",
            "match": {
              "location": "StepDefinition.iRunTheCode()"
            },
            "keyword": "Given "
          },
          {
            "result": {
              "duration": 273800,
              "status": "passed"
            },
            "line": 6,
            "name": "222 lcm 111",
            "match": {
              "arguments": [
                {
                  "val": "222",
                  "offset": 0
                },
                {
                  "val": "111",
                  "offset": 8
                }
              ],
              "location": "StepDefinition.lcm(Integer,Integer)"
            },
            "keyword": "When "
          },
          {
            "result": {
              "duration": 280700,
              "status": "passed"
            },
            "line": 7,
            "name": "I get the result 222",
            "match": {
              "arguments": [
                {
                  "val": "222",
                  "offset": 17
                }
              ],
              "location": "StepDefinition.iGetTheResultResultInDouble(int)"
            },
            "keyword": "Then "
          }
        ]
      },
      {
        "line": 21,
        "name": "Illegal LCM",
        "description": "",
        "id": "lcm;illegal-lcm;;2",
        "type": "scenario",
        "keyword": "Scenario Outline",
        "steps": [
          {
            "result": {
              "duration": 234500,
              "status": "passed"
            },
            "line": 15,
            "name": "I run the code",
            "match": {
              "location": "StepDefinition.iRunTheCode()"
            },
            "keyword": "Given "
          },
          {
            "result": {
              "duration": 975500,
              "status": "passed"
            },
            "line": 16,
            "name": "0 illegal lcm 0",
            "match": {
              "arguments": [
                {
                  "val": "0",
                  "offset": 0
                },
                {
                  "val": "0",
                  "offset": 14
                }
              ],
              "location": "StepDefinition.aIllegalLCMB(Integer,Integer)"
            },
            "keyword": "When "
          },
          {
            "result": {
              "duration": 315700,
              "status": "passed"
            },
            "line": 17,
            "name": "I get the Exception \"LCM(0, 0) is undefined\"",
            "match": {
              "arguments": [
                {
                  "val": "\"LCM(0, 0) is undefined\"",
                  "offset": 20
                }
              ],
              "location": "StepDefinition.iGetTheException(String)"
            },
            "keyword": "Then "
          }
        ]
      }
    ],
    "name": "lcm",
    "description": "  I want to use LCM operator",
    "id": "lcm",
    "keyword": "Feature",
    "uri": "C:/Users/tugia/Katalon Studio/A3-Calculator/Include/features/CAL-8 LCM.feature",
    "tags": []
  }
]