[
  {
    "line": 1,
    "elements": [
      {
        "BDD_TESTRUN_UUID": "871189e8-7d8f-44f5-8a9b-cda01b6ea98e",
        "line": 11,
        "name": "Modulation",
        "description": "",
        "id": "modulus;modulation;;2",
        "type": "scenario",
        "keyword": "Scenario Outline",
        "steps": [
          {
            "result": {
              "duration": 417200,
              "status": "passed"
            },
            "line": 5,
            "name": "I run the code",
            "match": {
              "location": "StepDefinition.iRunTheCode()"
            },
            "keyword": "Given ",
            "BDD_STEP_UUID": "65539c59-e4fc-4afd-b6e1-0add8d1a6487"
          },
          {
            "result": {
              "duration": 293300,
              "status": "passed"
            },
            "line": 6,
            "name": "10 modulus 20",
            "match": {
              "arguments": [
                {
                  "val": "10",
                  "offset": 0
                },
                {
                  "val": "20",
                  "offset": 11
                }
              ],
              "location": "StepDefinition.aModulusB(Integer,Integer)"
            },
            "keyword": "When ",
            "BDD_STEP_UUID": "ca165bdd-9d01-4caa-8704-9260d16930d9"
          },
          {
            "result": {
              "error_message": "java.lang.AssertionError: expected:\u003c0\u003e but was:\u003c-10\u003e\r\n\tat org.junit.Assert.fail(Assert.java:89)\r\n\tat org.junit.Assert.failNotEquals(Assert.java:835)\r\n\tat org.junit.Assert.assertEquals(Assert.java:647)\r\n\tat org.junit.Assert.assertEquals(Assert.java:633)\r\n\tat org.codehaus.groovy.vmplugin.v8.IndyInterface.fromCache(IndyInterface.java:318)\r\n\tat calculator.StepDefinition.iGetTheResultResultInDouble(StepDefinition.groovy:124)\r\n\tat ✽.I get the result -10(C:/Users/tugia/Katalon Studio/A3-Calculator/Include/features/CAL-5 Modulus.feature:7)\r\n",
              "duration": 402800,
              "status": "failed"
            },
            "line": 7,
            "name": "I get the result -10",
            "match": {
              "arguments": [
                {
                  "val": "-10",
                  "offset": 17
                }
              ],
              "location": "StepDefinition.iGetTheResultResultInDouble(int)"
            },
            "keyword": "Then ",
            "BDD_STEP_UUID": "5b42136d-1bc6-49d9-80e0-852ecc2631e6"
          }
        ]
      },
      {
        "BDD_TESTRUN_UUID": "1c0765a9-3c58-4f6f-ba6f-4c1ad2cee672",
        "line": 12,
        "name": "Modulation",
        "description": "",
        "id": "modulus;modulation;;3",
        "type": "scenario",
        "keyword": "Scenario Outline",
        "steps": [
          {
            "result": {
              "duration": 327400,
              "status": "passed"
            },
            "line": 5,
            "name": "I run the code",
            "match": {
              "location": "StepDefinition.iRunTheCode()"
            },
            "keyword": "Given ",
            "BDD_STEP_UUID": "7571fb63-a7f7-4dbb-8232-dde2b7413e95"
          },
          {
            "result": {
              "duration": 435000,
              "status": "passed"
            },
            "line": 6,
            "name": "222 modulus 111",
            "match": {
              "arguments": [
                {
                  "val": "222",
                  "offset": 0
                },
                {
                  "val": "111",
                  "offset": 12
                }
              ],
              "location": "StepDefinition.aModulusB(Integer,Integer)"
            },
            "keyword": "When ",
            "BDD_STEP_UUID": "028e100e-4007-41b7-accf-36d8e4ac55b7"
          },
          {
            "result": {
              "error_message": "java.lang.AssertionError: expected:\u003c0\u003e but was:\u003c111\u003e\r\n\tat org.junit.Assert.fail(Assert.java:89)\r\n\tat org.junit.Assert.failNotEquals(Assert.java:835)\r\n\tat org.junit.Assert.assertEquals(Assert.java:647)\r\n\tat org.junit.Assert.assertEquals(Assert.java:633)\r\n\tat org.codehaus.groovy.vmplugin.v8.IndyInterface.fromCache(IndyInterface.java:318)\r\n\tat calculator.StepDefinition.iGetTheResultResultInDouble(StepDefinition.groovy:124)\r\n\tat ✽.I get the result 111(C:/Users/tugia/Katalon Studio/A3-Calculator/Include/features/CAL-5 Modulus.feature:7)\r\n",
              "duration": 574300,
              "status": "failed"
            },
            "line": 7,
            "name": "I get the result 111",
            "match": {
              "arguments": [
                {
                  "val": "111",
                  "offset": 17
                }
              ],
              "location": "StepDefinition.iGetTheResultResultInDouble(int)"
            },
            "keyword": "Then ",
            "BDD_STEP_UUID": "38c134b7-9a62-4d86-aabb-47db361b3e45"
          }
        ]
      },
      {
        "BDD_TESTRUN_UUID": "62bb9052-f95c-4052-b5b7-f4485fd930b6",
        "line": 21,
        "name": "Illegal Modulation",
        "description": "",
        "id": "modulus;illegal-modulation;;2",
        "type": "scenario",
        "keyword": "Scenario Outline",
        "steps": [
          {
            "result": {
              "duration": 327100,
              "status": "passed"
            },
            "line": 15,
            "name": "I run the code",
            "match": {
              "location": "StepDefinition.iRunTheCode()"
            },
            "keyword": "Given ",
            "BDD_STEP_UUID": "cfce4fd4-04a8-46f6-be50-6a79584bab94"
          },
          {
            "result": {
              "duration": 411800,
              "status": "passed"
            },
            "line": 16,
            "name": "10 illegal modulus 0",
            "match": {
              "arguments": [
                {
                  "val": "10",
                  "offset": 0
                },
                {
                  "val": "0",
                  "offset": 19
                }
              ],
              "location": "StepDefinition.aIllegalModulusB(Integer,Integer)"
            },
            "keyword": "When ",
            "BDD_STEP_UUID": "df4977a8-b9c4-4f4d-b3e6-cd1b012d6935"
          },
          {
            "result": {
              "duration": 260400,
              "status": "passed"
            },
            "line": 17,
            "name": "I get the Exception \"Modular cannot be zero\"",
            "match": {
              "arguments": [
                {
                  "val": "\"Modular cannot be zero\"",
                  "offset": 20
                }
              ],
              "location": "StepDefinition.iGetTheException(String)"
            },
            "keyword": "Then ",
            "BDD_STEP_UUID": "3c064a2c-41b6-4b68-819c-750997bb444d"
          }
        ]
      }
    ],
    "name": "modulus",
    "description": "  I want to use modulus operator",
    "id": "modulus",
    "keyword": "Feature",
    "uri": "C:/Users/tugia/Katalon Studio/A3-Calculator/Include/features/CAL-5 Modulus.feature",
    "tags": []
  }
]