[
  {
    "line": 1,
    "elements": [
      {
        "BDD_TESTRUN_UUID": "5eb02700-ebc7-4b2b-bee7-d0d47e7b4aba",
        "line": 11,
        "name": "Exponentiation",
        "description": "",
        "id": "power;exponentiation;;2",
        "type": "scenario",
        "keyword": "Scenario Outline",
        "steps": [
          {
            "result": {
              "duration": 246500,
              "status": "passed"
            },
            "line": 5,
            "name": "I run the code",
            "match": {
              "location": "StepDefinition.iRunTheCode()"
            },
            "keyword": "Given ",
            "BDD_STEP_UUID": "e5ef2026-1d45-405a-bfff-c872a08f9504"
          },
          {
            "result": {
              "duration": 224900,
              "status": "passed"
            },
            "line": 6,
            "name": "10 to the power of 5",
            "match": {
              "arguments": [
                {
                  "val": "10",
                  "offset": 0
                },
                {
                  "val": "5",
                  "offset": 19
                }
              ],
              "location": "StepDefinition.power(Integer,Integer)"
            },
            "keyword": "When ",
            "BDD_STEP_UUID": "0434f298-3f26-4e65-a45e-d4bcab34a52c"
          },
          {
            "result": {
              "status": "undefined"
            },
            "line": 7,
            "name": "I get the result 100000 in Double",
            "match": {},
            "keyword": "Then ",
            "BDD_STEP_UUID": "33a10f67-0047-4309-8af8-0771891e2280"
          }
        ]
      },
      {
        "BDD_TESTRUN_UUID": "aff718cd-44e3-4edc-b0b1-a44af603e646",
        "line": 12,
        "name": "Exponentiation",
        "description": "",
        "id": "power;exponentiation;;3",
        "type": "scenario",
        "keyword": "Scenario Outline",
        "steps": [
          {
            "result": {
              "duration": 200600,
              "status": "passed"
            },
            "line": 5,
            "name": "I run the code",
            "match": {
              "location": "StepDefinition.iRunTheCode()"
            },
            "keyword": "Given ",
            "BDD_STEP_UUID": "d28fac35-24b8-478c-975d-df189399b480"
          },
          {
            "result": {
              "duration": 201900,
              "status": "passed"
            },
            "line": 6,
            "name": "8 to the power of 3",
            "match": {
              "arguments": [
                {
                  "val": "8",
                  "offset": 0
                },
                {
                  "val": "3",
                  "offset": 18
                }
              ],
              "location": "StepDefinition.power(Integer,Integer)"
            },
            "keyword": "When ",
            "BDD_STEP_UUID": "514b4673-43a5-4e60-9f93-b3e8d3b9c0e1"
          },
          {
            "result": {
              "status": "undefined"
            },
            "line": 7,
            "name": "I get the result 512 in Double",
            "match": {},
            "keyword": "Then ",
            "BDD_STEP_UUID": "6fe116e4-e76e-42b5-9f49-e4d67627fe18"
          }
        ]
      },
      {
        "BDD_TESTRUN_UUID": "1dee4e37-5b73-4275-8e97-4e0f6aebae83",
        "line": 21,
        "name": "Negative Exponentiation",
        "description": "",
        "id": "power;negative-exponentiation;;2",
        "type": "scenario",
        "keyword": "Scenario Outline",
        "steps": [
          {
            "result": {
              "duration": 253200,
              "status": "passed"
            },
            "line": 15,
            "name": "I run the code",
            "match": {
              "location": "StepDefinition.iRunTheCode()"
            },
            "keyword": "Given ",
            "BDD_STEP_UUID": "8dbff846-c9ad-467a-a118-4054293118ae"
          },
          {
            "result": {
              "duration": 255100,
              "status": "passed"
            },
            "line": 16,
            "name": "10 to the power of -5",
            "match": {
              "arguments": [
                {
                  "val": "10",
                  "offset": 0
                },
                {
                  "val": "-5",
                  "offset": 19
                }
              ],
              "location": "StepDefinition.power(Integer,Integer)"
            },
            "keyword": "When ",
            "BDD_STEP_UUID": "17a374ee-4fdc-433b-89a8-3e7745c0639f"
          },
          {
            "result": {
              "error_message": "groovy.lang.MissingMethodException: No signature of method: calculator.StepDefinition.assertEquals() is applicable for argument types: (Double, Double, Integer) values: [0.0, 1.0E-6, 5]\r\n\tat org.codehaus.groovy.runtime.ScriptBytecodeAdapter.unwrap(ScriptBytecodeAdapter.java:70)\r\n\tat org.codehaus.groovy.vmplugin.v8.IndyGuardsFiltersAndSignatures.unwrap(IndyGuardsFiltersAndSignatures.java:160)\r\n\tat org.codehaus.groovy.vmplugin.v8.IndyInterface.fromCache(IndyInterface.java:318)\r\n\tat calculator.StepDefinition.iGetTheResultResultInDouble(StepDefinition.groovy:133)\r\n\tat ✽.I get the result 0.000001 in Double with 5(C:/Users/tugia/Katalon Studio/A3-Calculator/Include/features/CAL-6 Power.feature:17)\r\n",
              "duration": 522900,
              "status": "failed"
            },
            "line": 17,
            "name": "I get the result 0.000001 in Double with 5",
            "match": {
              "arguments": [
                {
                  "val": "0.000001",
                  "offset": 17
                },
                {
                  "val": "5",
                  "offset": 41
                }
              ],
              "location": "StepDefinition.iGetTheResultResultInDouble(double,int)"
            },
            "keyword": "Then ",
            "BDD_STEP_UUID": "205ae581-3213-46af-bff2-dfcc9c815bab"
          }
        ]
      },
      {
        "BDD_TESTRUN_UUID": "82312c63-eda6-48e2-aa51-b3a4b11be07b",
        "line": 22,
        "name": "Negative Exponentiation",
        "description": "",
        "id": "power;negative-exponentiation;;3",
        "type": "scenario",
        "keyword": "Scenario Outline",
        "steps": [
          {
            "result": {
              "duration": 447400,
              "status": "passed"
            },
            "line": 15,
            "name": "I run the code",
            "match": {
              "location": "StepDefinition.iRunTheCode()"
            },
            "keyword": "Given ",
            "BDD_STEP_UUID": "e42c005a-dace-4195-b7e9-20e96a5a66c5"
          },
          {
            "result": {
              "duration": 613700,
              "status": "passed"
            },
            "line": 16,
            "name": "27 to the power of -3",
            "match": {
              "arguments": [
                {
                  "val": "27",
                  "offset": 0
                },
                {
                  "val": "-3",
                  "offset": 19
                }
              ],
              "location": "StepDefinition.power(Integer,Integer)"
            },
            "keyword": "When ",
            "BDD_STEP_UUID": "df3a1c9c-7f22-47e1-bbcc-39598e72838a"
          },
          {
            "result": {
              "error_message": "groovy.lang.MissingMethodException: No signature of method: calculator.StepDefinition.assertEquals() is applicable for argument types: (Double, Double, Integer) values: [0.0, 5.08E-6, 8]\r\n\tat org.codehaus.groovy.runtime.ScriptBytecodeAdapter.unwrap(ScriptBytecodeAdapter.java:70)\r\n\tat org.codehaus.groovy.vmplugin.v8.IndyGuardsFiltersAndSignatures.unwrap(IndyGuardsFiltersAndSignatures.java:160)\r\n\tat org.codehaus.groovy.vmplugin.v8.IndyInterface.fromCache(IndyInterface.java:318)\r\n\tat calculator.StepDefinition.iGetTheResultResultInDouble(StepDefinition.groovy:133)\r\n\tat ✽.I get the result 0.00000508 in Double with 8(C:/Users/tugia/Katalon Studio/A3-Calculator/Include/features/CAL-6 Power.feature:17)\r\n",
              "duration": 523200,
              "status": "failed"
            },
            "line": 17,
            "name": "I get the result 0.00000508 in Double with 8",
            "match": {
              "arguments": [
                {
                  "val": "0.00000508",
                  "offset": 17
                },
                {
                  "val": "8",
                  "offset": 43
                }
              ],
              "location": "StepDefinition.iGetTheResultResultInDouble(double,int)"
            },
            "keyword": "Then ",
            "BDD_STEP_UUID": "42e12250-20ed-4413-9b05-43ff7298d8e8"
          }
        ]
      },
      {
        "BDD_TESTRUN_UUID": "be2d42c2-222c-4857-870b-c49a188c9334",
        "line": 31,
        "name": "Error Exponentiation",
        "description": "",
        "id": "power;error-exponentiation;;2",
        "type": "scenario",
        "keyword": "Scenario Outline",
        "steps": [
          {
            "result": {
              "duration": 511900,
              "status": "passed"
            },
            "line": 25,
            "name": "I run the code",
            "match": {
              "location": "StepDefinition.iRunTheCode()"
            },
            "keyword": "Given ",
            "BDD_STEP_UUID": "3b4ce257-43cb-4534-aa9e-15b78f8c2a74"
          },
          {
            "result": {
              "duration": 529500,
              "status": "passed"
            },
            "line": 26,
            "name": "illegal 0 to the power of -10",
            "match": {
              "arguments": [
                {
                  "val": "0",
                  "offset": 8
                },
                {
                  "val": "-10",
                  "offset": 26
                }
              ],
              "location": "StepDefinition.illegalPower(Integer,Integer)"
            },
            "keyword": "When ",
            "BDD_STEP_UUID": "2a86f228-aed7-436d-94e7-c3c7c25f265e"
          },
          {
            "result": {
              "error_message": "groovy.lang.MissingMethodException: No signature of method: calculator.StepDefinition.assertEquals() is applicable for argument types: (String, String) values: [Undefined for 0^(negative number), Undefined for 0^(negative number)]\r\n\tat org.codehaus.groovy.runtime.ScriptBytecodeAdapter.unwrap(ScriptBytecodeAdapter.java:70)\r\n\tat org.codehaus.groovy.vmplugin.v8.IndyGuardsFiltersAndSignatures.unwrap(IndyGuardsFiltersAndSignatures.java:160)\r\n\tat org.codehaus.groovy.vmplugin.v8.IndyInterface.fromCache(IndyInterface.java:318)\r\n\tat calculator.StepDefinition.iGetTheException(StepDefinition.groovy:197)\r\n\tat ✽.I get the Exception \"Undefined for 0^(negative number)\"(C:/Users/tugia/Katalon Studio/A3-Calculator/Include/features/CAL-6 Power.feature:27)\r\n",
              "duration": 587900,
              "status": "failed"
            },
            "line": 27,
            "name": "I get the Exception \"Undefined for 0^(negative number)\"",
            "match": {
              "arguments": [
                {
                  "val": "\"Undefined for 0^(negative number)\"",
                  "offset": 20
                }
              ],
              "location": "StepDefinition.iGetTheException(String)"
            },
            "keyword": "Then ",
            "BDD_STEP_UUID": "734111f3-3186-416a-8305-de8f06a09569"
          }
        ]
      }
    ],
    "name": "power",
    "description": "  I want to use power operator",
    "id": "power",
    "keyword": "Feature",
    "uri": "C:/Users/tugia/Katalon Studio/A3-Calculator/Include/features/CAL-6 Power.feature",
    "tags": []
  }
]