[
  {
    "line": 1,
    "elements": [
      {
        "BDD_TESTRUN_UUID": "be8175e2-b3ef-4df9-b620-7dbf84c889e4",
        "line": 11,
        "name": "Division",
        "description": "",
        "id": "divide;division;;2",
        "type": "scenario",
        "keyword": "Scenario Outline",
        "steps": [
          {
            "result": {
              "duration": 668400,
              "status": "passed"
            },
            "line": 5,
            "name": "I run the code",
            "match": {
              "location": "StepDefinition.iRunTheCode()"
            },
            "keyword": "Given ",
            "BDD_STEP_UUID": "1d259154-4f44-46a4-a40d-eea522bde643"
          },
          {
            "result": {
              "duration": 988000,
              "status": "passed"
            },
            "line": 6,
            "name": "10 divide 20",
            "match": {
              "arguments": [
                {
                  "val": "10",
                  "offset": 0
                },
                {
                  "val": "20",
                  "offset": 10
                }
              ],
              "location": "StepDefinition.divide(Integer,Integer)"
            },
            "keyword": "When ",
            "BDD_STEP_UUID": "dda1e979-f222-47a5-a802-a58bb4bcc911"
          },
          {
            "result": {
              "duration": 816300,
              "status": "passed"
            },
            "line": 7,
            "name": "I get the result 0.5 in Double with 1",
            "match": {
              "arguments": [
                {
                  "val": "0.5",
                  "offset": 17
                },
                {
                  "val": "1",
                  "offset": 36
                }
              ],
              "location": "StepDefinition.iGetTheResultResultInDouble(double,int)"
            },
            "keyword": "Then ",
            "BDD_STEP_UUID": "39a207aa-9bcb-4dcd-8ef3-c30b6dd3eb52"
          }
        ]
      },
      {
        "BDD_TESTRUN_UUID": "a08c2df1-d232-4ed9-a840-334f21a17082",
        "line": 12,
        "name": "Division",
        "description": "",
        "id": "divide;division;;3",
        "type": "scenario",
        "keyword": "Scenario Outline",
        "steps": [
          {
            "result": {
              "duration": 546500,
              "status": "passed"
            },
            "line": 5,
            "name": "I run the code",
            "match": {
              "location": "StepDefinition.iRunTheCode()"
            },
            "keyword": "Given ",
            "BDD_STEP_UUID": "84a98083-278d-4dfe-81f0-cf1669000949"
          },
          {
            "result": {
              "duration": 807600,
              "status": "passed"
            },
            "line": 6,
            "name": "222 divide 111",
            "match": {
              "arguments": [
                {
                  "val": "222",
                  "offset": 0
                },
                {
                  "val": "111",
                  "offset": 11
                }
              ],
              "location": "StepDefinition.divide(Integer,Integer)"
            },
            "keyword": "When ",
            "BDD_STEP_UUID": "3ad30dda-9411-467c-8424-c2796c0e7c12"
          },
          {
            "result": {
              "status": "undefined"
            },
            "line": 7,
            "name": "I get the result 2 in Double with 0",
            "match": {},
            "keyword": "Then ",
            "BDD_STEP_UUID": "03dc102c-4939-46c1-8e74-48719b5502ae"
          }
        ]
      },
      {
        "BDD_TESTRUN_UUID": "13334a8c-8b0b-4132-ae71-243c5e3f94b0",
        "line": 13,
        "name": "Division",
        "description": "",
        "id": "divide;division;;4",
        "type": "scenario",
        "keyword": "Scenario Outline",
        "steps": [
          {
            "result": {
              "duration": 681800,
              "status": "passed"
            },
            "line": 5,
            "name": "I run the code",
            "match": {
              "location": "StepDefinition.iRunTheCode()"
            },
            "keyword": "Given ",
            "BDD_STEP_UUID": "328879cb-278d-43b4-8c38-1e6edeb73e0b"
          },
          {
            "result": {
              "duration": 742500,
              "status": "passed"
            },
            "line": 6,
            "name": "132 divide 1",
            "match": {
              "arguments": [
                {
                  "val": "132",
                  "offset": 0
                },
                {
                  "val": "1",
                  "offset": 11
                }
              ],
              "location": "StepDefinition.divide(Integer,Integer)"
            },
            "keyword": "When ",
            "BDD_STEP_UUID": "e8c450f6-cd40-41bf-a7f4-e4da1d3d79e9"
          },
          {
            "result": {
              "status": "undefined"
            },
            "line": 7,
            "name": "I get the result 132 in Double with 0",
            "match": {},
            "keyword": "Then ",
            "BDD_STEP_UUID": "941a5839-e009-40b2-ac9a-49aef4dfc4a5"
          }
        ]
      },
      {
        "BDD_TESTRUN_UUID": "55140b4e-5625-4984-97e5-8a4e6aa98108",
        "line": 22,
        "name": "Illegal Division",
        "description": "",
        "id": "divide;illegal-division;;2",
        "type": "scenario",
        "keyword": "Scenario Outline",
        "steps": [
          {
            "result": {
              "duration": 640900,
              "status": "passed"
            },
            "line": 16,
            "name": "I run the code",
            "match": {
              "location": "StepDefinition.iRunTheCode()"
            },
            "keyword": "Given ",
            "BDD_STEP_UUID": "bb792f00-fb30-49dc-b226-c158006b87e5"
          },
          {
            "result": {
              "duration": 765200,
              "status": "passed"
            },
            "line": 17,
            "name": "10 illegal divide 0",
            "match": {
              "arguments": [
                {
                  "val": "10",
                  "offset": 0
                },
                {
                  "val": "0",
                  "offset": 18
                }
              ],
              "location": "StepDefinition.aIllegalDivideB(Integer,Integer)"
            },
            "keyword": "When ",
            "BDD_STEP_UUID": "343a337c-808a-45ba-ae49-1d77c1d97384"
          },
          {
            "result": {
              "duration": 690200,
              "status": "passed"
            },
            "line": 18,
            "name": "I get the Exception \"Divisor cannot be zero\"",
            "match": {
              "arguments": [
                {
                  "val": "\"Divisor cannot be zero\"",
                  "offset": 20
                }
              ],
              "location": "StepDefinition.iGetTheException(String)"
            },
            "keyword": "Then ",
            "BDD_STEP_UUID": "3ef231d9-d184-4815-88f2-f8bdfe18aeb7"
          }
        ]
      }
    ],
    "name": "divide",
    "description": "  I want to use divide operator",
    "id": "divide",
    "keyword": "Feature",
    "uri": "C:/Users/tugia/Katalon Studio/A3-Calculator/Include/features/CAL-4 Divide.feature",
    "tags": []
  }
]