[
  {
    "line": 1,
    "elements": [
      {
        "BDD_TESTRUN_UUID": "fc875640-7712-4ea1-b7bf-158f58137516",
        "line": 11,
        "name": "Exponentiation",
        "description": "",
        "id": "power;exponentiation;;2",
        "type": "scenario",
        "keyword": "Scenario Outline",
        "steps": [
          {
            "result": {
              "duration": 336200,
              "status": "passed"
            },
            "line": 5,
            "name": "I run the code",
            "match": {
              "location": "StepDefinition.iRunTheCode()"
            },
            "keyword": "Given ",
            "BDD_STEP_UUID": "aaca35fe-fa50-4a9e-b1e8-8e16b09e425c"
          },
          {
            "result": {
              "duration": 332000,
              "status": "passed"
            },
            "line": 6,
            "name": "10 to the power of 5",
            "match": {
              "arguments": [
                {
                  "val": "10",
                  "offset": 0
                },
                {
                  "val": "5",
                  "offset": 19
                }
              ],
              "location": "StepDefinition.power(Integer,Integer)"
            },
            "keyword": "When ",
            "BDD_STEP_UUID": "85d2eab5-672b-41e9-a12d-a3b41f7e60dc"
          },
          {
            "result": {
              "status": "undefined"
            },
            "line": 7,
            "name": "I get the result 100000 in Double",
            "match": {},
            "keyword": "Then ",
            "BDD_STEP_UUID": "5e1966ef-b26e-427e-826a-2cd21c11576a"
          }
        ]
      },
      {
        "BDD_TESTRUN_UUID": "4f209e1f-2358-4c12-ae46-69b089614d99",
        "line": 12,
        "name": "Exponentiation",
        "description": "",
        "id": "power;exponentiation;;3",
        "type": "scenario",
        "keyword": "Scenario Outline",
        "steps": [
          {
            "result": {
              "duration": 235100,
              "status": "passed"
            },
            "line": 5,
            "name": "I run the code",
            "match": {
              "location": "StepDefinition.iRunTheCode()"
            },
            "keyword": "Given ",
            "BDD_STEP_UUID": "fa5cd0f9-0985-4619-ad56-6b274cd0560f"
          },
          {
            "result": {
              "duration": 257400,
              "status": "passed"
            },
            "line": 6,
            "name": "8 to the power of 3",
            "match": {
              "arguments": [
                {
                  "val": "8",
                  "offset": 0
                },
                {
                  "val": "3",
                  "offset": 18
                }
              ],
              "location": "StepDefinition.power(Integer,Integer)"
            },
            "keyword": "When ",
            "BDD_STEP_UUID": "b4f83735-ca87-44cd-8ca1-0185a0c299d4"
          },
          {
            "result": {
              "status": "undefined"
            },
            "line": 7,
            "name": "I get the result 512 in Double",
            "match": {},
            "keyword": "Then ",
            "BDD_STEP_UUID": "7e2bf64f-367a-48c6-9175-37f404e7c6bf"
          }
        ]
      },
      {
        "BDD_TESTRUN_UUID": "35fe597b-7fec-4d29-9a59-3ee5c1386aab",
        "line": 21,
        "name": "Negative Exponentiation",
        "description": "",
        "id": "power;negative-exponentiation;;2",
        "type": "scenario",
        "keyword": "Scenario Outline",
        "steps": [
          {
            "result": {
              "duration": 284800,
              "status": "passed"
            },
            "line": 15,
            "name": "I run the code",
            "match": {
              "location": "StepDefinition.iRunTheCode()"
            },
            "keyword": "Given ",
            "BDD_STEP_UUID": "007b02b8-fc6a-4957-8048-0d79d76e003b"
          },
          {
            "result": {
              "duration": 383300,
              "status": "passed"
            },
            "line": 16,
            "name": "10 to the power of -5",
            "match": {
              "arguments": [
                {
                  "val": "10",
                  "offset": 0
                },
                {
                  "val": "-5",
                  "offset": 19
                }
              ],
              "location": "StepDefinition.power(Integer,Integer)"
            },
            "keyword": "When ",
            "BDD_STEP_UUID": "92259f6c-6f93-4f62-88bd-e89b3c074821"
          },
          {
            "result": {
              "duration": 356700,
              "status": "passed"
            },
            "line": 17,
            "name": "I get the result 0.000001 in Double with 5",
            "match": {
              "arguments": [
                {
                  "val": "0.000001",
                  "offset": 17
                },
                {
                  "val": "5",
                  "offset": 41
                }
              ],
              "location": "StepDefinition.iGetTheResultResultInDouble(double,int)"
            },
            "keyword": "Then ",
            "BDD_STEP_UUID": "56e1412d-19c1-45bb-8e28-483398e8cddd"
          }
        ]
      },
      {
        "BDD_TESTRUN_UUID": "cac38bf2-9788-4df4-bd00-4ea4e4fd3bd2",
        "line": 22,
        "name": "Negative Exponentiation",
        "description": "",
        "id": "power;negative-exponentiation;;3",
        "type": "scenario",
        "keyword": "Scenario Outline",
        "steps": [
          {
            "result": {
              "duration": 362100,
              "status": "passed"
            },
            "line": 15,
            "name": "I run the code",
            "match": {
              "location": "StepDefinition.iRunTheCode()"
            },
            "keyword": "Given ",
            "BDD_STEP_UUID": "6176d71f-c307-4b79-9522-1138ec2f8a2a"
          },
          {
            "result": {
              "duration": 373100,
              "status": "passed"
            },
            "line": 16,
            "name": "27 to the power of -3",
            "match": {
              "arguments": [
                {
                  "val": "27",
                  "offset": 0
                },
                {
                  "val": "-3",
                  "offset": 19
                }
              ],
              "location": "StepDefinition.power(Integer,Integer)"
            },
            "keyword": "When ",
            "BDD_STEP_UUID": "f49c0882-fd1e-4c91-8a10-975b3fd5883f"
          },
          {
            "result": {
              "duration": 401500,
              "status": "passed"
            },
            "line": 17,
            "name": "I get the result 0.00000508 in Double with 8",
            "match": {
              "arguments": [
                {
                  "val": "0.00000508",
                  "offset": 17
                },
                {
                  "val": "8",
                  "offset": 43
                }
              ],
              "location": "StepDefinition.iGetTheResultResultInDouble(double,int)"
            },
            "keyword": "Then ",
            "BDD_STEP_UUID": "32d9e45c-dda5-4f8d-847c-f3cb1f58b1b6"
          }
        ]
      },
      {
        "BDD_TESTRUN_UUID": "a4dc6a17-37d8-4709-af7c-d47d419990ff",
        "line": 31,
        "name": "Error Exponentiation",
        "description": "",
        "id": "power;error-exponentiation;;2",
        "type": "scenario",
        "keyword": "Scenario Outline",
        "steps": [
          {
            "result": {
              "duration": 331500,
              "status": "passed"
            },
            "line": 25,
            "name": "I run the code",
            "match": {
              "location": "StepDefinition.iRunTheCode()"
            },
            "keyword": "Given ",
            "BDD_STEP_UUID": "8720a682-b5e7-4d1c-9733-c459127fda13"
          },
          {
            "result": {
              "duration": 336100,
              "status": "passed"
            },
            "line": 26,
            "name": "illegal 0 to the power of -10",
            "match": {
              "arguments": [
                {
                  "val": "0",
                  "offset": 8
                },
                {
                  "val": "-10",
                  "offset": 26
                }
              ],
              "location": "StepDefinition.illegalPower(Integer,Integer)"
            },
            "keyword": "When ",
            "BDD_STEP_UUID": "ff8a53b8-a280-41b1-9cd9-b89123a0e64c"
          },
          {
            "result": {
              "duration": 300100,
              "status": "passed"
            },
            "line": 27,
            "name": "I get the Exception \"Undefined for 0^(negative number)\"",
            "match": {
              "arguments": [
                {
                  "val": "\"Undefined for 0^(negative number)\"",
                  "offset": 20
                }
              ],
              "location": "StepDefinition.iGetTheException(String)"
            },
            "keyword": "Then ",
            "BDD_STEP_UUID": "aabd8840-d5c1-4387-a817-333479937160"
          }
        ]
      }
    ],
    "name": "power",
    "description": "  I want to use power operator",
    "id": "power",
    "keyword": "Feature",
    "uri": "C:/Users/tugia/Katalon Studio/A3-Calculator/Include/features/CAL-6 Power.feature",
    "tags": []
  }
]