[
  {
    "line": 1,
    "elements": [
      {
        "line": 11,
        "name": "GCD",
        "description": "",
        "id": "gcd;gcd;;2",
        "type": "scenario",
        "keyword": "Scenario Outline",
        "steps": [
          {
            "result": {
              "duration": 277600,
              "status": "passed"
            },
            "line": 5,
            "name": "I run the code",
            "match": {
              "location": "StepDefinition.iRunTheCode()"
            },
            "keyword": "Given "
          },
          {
            "result": {
              "duration": 561000,
              "status": "passed"
            },
            "line": 6,
            "name": "92 gcd 312",
            "match": {
              "arguments": [
                {
                  "val": "92",
                  "offset": 0
                },
                {
                  "val": "312",
                  "offset": 7
                }
              ],
              "location": "StepDefinition.gcd(Integer,Integer)"
            },
            "keyword": "When "
          },
          {
            "result": {
              "duration": 215600,
              "status": "passed"
            },
            "line": 7,
            "name": "I get the result 4",
            "match": {
              "arguments": [
                {
                  "val": "4",
                  "offset": 17
                }
              ],
              "location": "StepDefinition.iGetTheResultResultInDouble(int)"
            },
            "keyword": "Then "
          }
        ]
      },
      {
        "line": 12,
        "name": "GCD",
        "description": "",
        "id": "gcd;gcd;;3",
        "type": "scenario",
        "keyword": "Scenario Outline",
        "steps": [
          {
            "result": {
              "duration": 203000,
              "status": "passed"
            },
            "line": 5,
            "name": "I run the code",
            "match": {
              "location": "StepDefinition.iRunTheCode()"
            },
            "keyword": "Given "
          },
          {
            "result": {
              "duration": 241000,
              "status": "passed"
            },
            "line": 6,
            "name": "222 gcd 111",
            "match": {
              "arguments": [
                {
                  "val": "222",
                  "offset": 0
                },
                {
                  "val": "111",
                  "offset": 8
                }
              ],
              "location": "StepDefinition.gcd(Integer,Integer)"
            },
            "keyword": "When "
          },
          {
            "result": {
              "duration": 238100,
              "status": "passed"
            },
            "line": 7,
            "name": "I get the result 111",
            "match": {
              "arguments": [
                {
                  "val": "111",
                  "offset": 17
                }
              ],
              "location": "StepDefinition.iGetTheResultResultInDouble(int)"
            },
            "keyword": "Then "
          }
        ]
      },
      {
        "line": 21,
        "name": "Illegal GCD",
        "description": "",
        "id": "gcd;illegal-gcd;;2",
        "type": "scenario",
        "keyword": "Scenario Outline",
        "steps": [
          {
            "result": {
              "duration": 217800,
              "status": "passed"
            },
            "line": 15,
            "name": "I run the code",
            "match": {
              "location": "StepDefinition.iRunTheCode()"
            },
            "keyword": "Given "
          },
          {
            "result": {
              "duration": 783200,
              "status": "passed"
            },
            "line": 16,
            "name": "0 illegal gcd 0",
            "match": {
              "arguments": [
                {
                  "val": "0",
                  "offset": 0
                },
                {
                  "val": "0",
                  "offset": 14
                }
              ],
              "location": "StepDefinition.aIllegalGCDB(Integer,Integer)"
            },
            "keyword": "When "
          },
          {
            "result": {
              "duration": 279600,
              "status": "passed"
            },
            "line": 17,
            "name": "I get the Exception \"GCD(0, 0) is undefined\"",
            "match": {
              "arguments": [
                {
                  "val": "\"GCD(0, 0) is undefined\"",
                  "offset": 20
                }
              ],
              "location": "StepDefinition.iGetTheException(String)"
            },
            "keyword": "Then "
          }
        ]
      }
    ],
    "name": "gcd",
    "description": "  I want to use GCD operator",
    "id": "gcd",
    "keyword": "Feature",
    "uri": "C:/Users/tugia/Katalon Studio/A3-Calculator/Include/features/CAL-7 GCD.feature",
    "tags": []
  }
]