[
  {
    "line": 1,
    "elements": [
      {
        "BDD_TESTRUN_UUID": "3834651a-5376-4135-b310-133cf36bd089",
        "line": 11,
        "name": "GCD",
        "description": "",
        "id": "gcd;gcd;;2",
        "type": "scenario",
        "keyword": "Scenario Outline",
        "steps": [
          {
            "result": {
              "duration": 277600,
              "status": "passed"
            },
            "line": 5,
            "name": "I run the code",
            "match": {
              "location": "StepDefinition.iRunTheCode()"
            },
            "keyword": "Given ",
            "BDD_STEP_UUID": "c6904462-43c6-483e-b518-93d96b44df70"
          },
          {
            "result": {
              "duration": 561000,
              "status": "passed"
            },
            "line": 6,
            "name": "92 gcd 312",
            "match": {
              "arguments": [
                {
                  "val": "92",
                  "offset": 0
                },
                {
                  "val": "312",
                  "offset": 7
                }
              ],
              "location": "StepDefinition.gcd(Integer,Integer)"
            },
            "keyword": "When ",
            "BDD_STEP_UUID": "ef764128-f9f0-4fa7-a3d2-ed36d93af6b2"
          },
          {
            "result": {
              "duration": 215600,
              "status": "passed"
            },
            "line": 7,
            "name": "I get the result 4",
            "match": {
              "arguments": [
                {
                  "val": "4",
                  "offset": 17
                }
              ],
              "location": "StepDefinition.iGetTheResultResultInDouble(int)"
            },
            "keyword": "Then ",
            "BDD_STEP_UUID": "ec4e0c97-f0e2-4a15-aad8-78291e6f3850"
          }
        ]
      },
      {
        "BDD_TESTRUN_UUID": "5dce3811-0034-49c5-be0d-bf6c728385cf",
        "line": 12,
        "name": "GCD",
        "description": "",
        "id": "gcd;gcd;;3",
        "type": "scenario",
        "keyword": "Scenario Outline",
        "steps": [
          {
            "result": {
              "duration": 203000,
              "status": "passed"
            },
            "line": 5,
            "name": "I run the code",
            "match": {
              "location": "StepDefinition.iRunTheCode()"
            },
            "keyword": "Given ",
            "BDD_STEP_UUID": "498a1035-df8f-4826-8fc9-4aab918124d6"
          },
          {
            "result": {
              "duration": 241000,
              "status": "passed"
            },
            "line": 6,
            "name": "222 gcd 111",
            "match": {
              "arguments": [
                {
                  "val": "222",
                  "offset": 0
                },
                {
                  "val": "111",
                  "offset": 8
                }
              ],
              "location": "StepDefinition.gcd(Integer,Integer)"
            },
            "keyword": "When ",
            "BDD_STEP_UUID": "d6ac9d71-0b82-4ce5-a245-c22715125a6c"
          },
          {
            "result": {
              "duration": 238100,
              "status": "passed"
            },
            "line": 7,
            "name": "I get the result 111",
            "match": {
              "arguments": [
                {
                  "val": "111",
                  "offset": 17
                }
              ],
              "location": "StepDefinition.iGetTheResultResultInDouble(int)"
            },
            "keyword": "Then ",
            "BDD_STEP_UUID": "71a2558f-8066-40cc-96a3-25bb00d2c12c"
          }
        ]
      },
      {
        "BDD_TESTRUN_UUID": "b2d52a6d-0166-4d44-97d9-67d59be8f035",
        "line": 21,
        "name": "Illegal GCD",
        "description": "",
        "id": "gcd;illegal-gcd;;2",
        "type": "scenario",
        "keyword": "Scenario Outline",
        "steps": [
          {
            "result": {
              "duration": 217800,
              "status": "passed"
            },
            "line": 15,
            "name": "I run the code",
            "match": {
              "location": "StepDefinition.iRunTheCode()"
            },
            "keyword": "Given ",
            "BDD_STEP_UUID": "4876abe2-c258-407b-9105-0f91f24cbf60"
          },
          {
            "result": {
              "duration": 783200,
              "status": "passed"
            },
            "line": 16,
            "name": "0 illegal gcd 0",
            "match": {
              "arguments": [
                {
                  "val": "0",
                  "offset": 0
                },
                {
                  "val": "0",
                  "offset": 14
                }
              ],
              "location": "StepDefinition.aIllegalGCDB(Integer,Integer)"
            },
            "keyword": "When ",
            "BDD_STEP_UUID": "6e9ef652-38ea-49ee-bb0d-caf6fa217afe"
          },
          {
            "result": {
              "duration": 279600,
              "status": "passed"
            },
            "line": 17,
            "name": "I get the Exception \"GCD(0, 0) is undefined\"",
            "match": {
              "arguments": [
                {
                  "val": "\"GCD(0, 0) is undefined\"",
                  "offset": 20
                }
              ],
              "location": "StepDefinition.iGetTheException(String)"
            },
            "keyword": "Then ",
            "BDD_STEP_UUID": "bf2e03be-bc08-4b48-b810-a2ca9d73896c"
          }
        ]
      }
    ],
    "name": "gcd",
    "description": "  I want to use GCD operator",
    "id": "gcd",
    "keyword": "Feature",
    "uri": "C:/Users/tugia/Katalon Studio/A3-Calculator/Include/features/CAL-7 GCD.feature",
    "tags": []
  }
]