[
  {
    "line": 1,
    "elements": [
      {
        "BDD_TESTRUN_UUID": "b70c57f8-5779-4ac5-94c9-ca91461ed658",
        "line": 11,
        "name": "Fibonacci",
        "description": "",
        "id": "fibonacci;fibonacci;;2",
        "type": "scenario",
        "keyword": "Scenario Outline",
        "steps": [
          {
            "result": {
              "duration": 278900,
              "status": "passed"
            },
            "line": 5,
            "name": "I run the code",
            "match": {
              "location": "StepDefinition.iRunTheCode()"
            },
            "keyword": "Given ",
            "BDD_STEP_UUID": "e3d4636a-8afd-476a-a9ac-3179e3111d4b"
          },
          {
            "result": {
              "duration": 1744800,
              "status": "passed"
            },
            "line": 6,
            "name": "fibonacci number of 15",
            "match": {
              "arguments": [
                {
                  "val": "15",
                  "offset": 20
                }
              ],
              "location": "StepDefinition.fibonacci(Integer)"
            },
            "keyword": "When ",
            "BDD_STEP_UUID": "b7333d61-7a21-4cdb-94f6-949c08604f74"
          },
          {
            "result": {
              "error_message": "groovy.lang.MissingMethodException: No signature of method: calculator.StepDefinition.assertEquals() is applicable for argument types: (Long, Long) values: [610, 610]\r\n\tat org.codehaus.groovy.runtime.ScriptBytecodeAdapter.unwrap(ScriptBytecodeAdapter.java:70)\r\n\tat org.codehaus.groovy.vmplugin.v8.IndyGuardsFiltersAndSignatures.unwrap(IndyGuardsFiltersAndSignatures.java:160)\r\n\tat org.codehaus.groovy.vmplugin.v8.IndyInterface.fromCache(IndyInterface.java:318)\r\n\tat calculator.StepDefinition.iGetTheResultResultInLong(StepDefinition.groovy:138)\r\n\tat ✽.I get the result 610 in Long(C:/Users/tugia/Katalon Studio/A3-Calculator/Include/features/CAL-9 Fibonacci.feature:7)\r\n",
              "duration": 366900,
              "status": "failed"
            },
            "line": 7,
            "name": "I get the result 610 in Long",
            "match": {
              "arguments": [
                {
                  "val": "610",
                  "offset": 17
                }
              ],
              "location": "StepDefinition.iGetTheResultResultInLong(long)"
            },
            "keyword": "Then ",
            "BDD_STEP_UUID": "67792584-2aa9-4acc-a1e5-5bf010638f06"
          }
        ]
      },
      {
        "BDD_TESTRUN_UUID": "1600878b-7534-418e-b9ed-9062260d9dbc",
        "line": 12,
        "name": "Fibonacci",
        "description": "",
        "id": "fibonacci;fibonacci;;3",
        "type": "scenario",
        "keyword": "Scenario Outline",
        "steps": [
          {
            "result": {
              "duration": 204600,
              "status": "passed"
            },
            "line": 5,
            "name": "I run the code",
            "match": {
              "location": "StepDefinition.iRunTheCode()"
            },
            "keyword": "Given ",
            "BDD_STEP_UUID": "326d0865-8a15-4ab5-baa4-37b0d7925959"
          },
          {
            "result": {
              "duration": 207100,
              "status": "passed"
            },
            "line": 6,
            "name": "fibonacci number of 1",
            "match": {
              "arguments": [
                {
                  "val": "1",
                  "offset": 20
                }
              ],
              "location": "StepDefinition.fibonacci(Integer)"
            },
            "keyword": "When ",
            "BDD_STEP_UUID": "5c99965f-35c9-43e4-92fc-2083173e5c1d"
          },
          {
            "result": {
              "error_message": "groovy.lang.MissingMethodException: No signature of method: calculator.StepDefinition.assertEquals() is applicable for argument types: (Long, Long) values: [1, 1]\r\n\tat org.codehaus.groovy.runtime.ScriptBytecodeAdapter.unwrap(ScriptBytecodeAdapter.java:70)\r\n\tat org.codehaus.groovy.vmplugin.v8.IndyGuardsFiltersAndSignatures.unwrap(IndyGuardsFiltersAndSignatures.java:160)\r\n\tat org.codehaus.groovy.vmplugin.v8.IndyInterface.fromCache(IndyInterface.java:318)\r\n\tat calculator.StepDefinition.iGetTheResultResultInLong(StepDefinition.groovy:138)\r\n\tat ✽.I get the result 1 in Long(C:/Users/tugia/Katalon Studio/A3-Calculator/Include/features/CAL-9 Fibonacci.feature:7)\r\n",
              "duration": 331000,
              "status": "failed"
            },
            "line": 7,
            "name": "I get the result 1 in Long",
            "match": {
              "arguments": [
                {
                  "val": "1",
                  "offset": 17
                }
              ],
              "location": "StepDefinition.iGetTheResultResultInLong(long)"
            },
            "keyword": "Then ",
            "BDD_STEP_UUID": "450751cb-0ef3-4737-97a9-8091713cae18"
          }
        ]
      },
      {
        "BDD_TESTRUN_UUID": "982a28ff-f40b-4c26-a5a7-ae3d4f7a71ed",
        "line": 13,
        "name": "Fibonacci",
        "description": "",
        "id": "fibonacci;fibonacci;;4",
        "type": "scenario",
        "keyword": "Scenario Outline",
        "steps": [
          {
            "result": {
              "duration": 362400,
              "status": "passed"
            },
            "line": 5,
            "name": "I run the code",
            "match": {
              "location": "StepDefinition.iRunTheCode()"
            },
            "keyword": "Given ",
            "BDD_STEP_UUID": "56c625f6-e04b-4d86-aba4-eba120da188e"
          },
          {
            "result": {
              "duration": 206200,
              "status": "passed"
            },
            "line": 6,
            "name": "fibonacci number of 0",
            "match": {
              "arguments": [
                {
                  "val": "0",
                  "offset": 20
                }
              ],
              "location": "StepDefinition.fibonacci(Integer)"
            },
            "keyword": "When ",
            "BDD_STEP_UUID": "396b6083-3cdb-4a93-9b91-cda1a05c9e96"
          },
          {
            "result": {
              "error_message": "groovy.lang.MissingMethodException: No signature of method: calculator.StepDefinition.assertEquals() is applicable for argument types: (Long, Long) values: [0, 0]\r\n\tat org.codehaus.groovy.runtime.ScriptBytecodeAdapter.unwrap(ScriptBytecodeAdapter.java:70)\r\n\tat org.codehaus.groovy.vmplugin.v8.IndyGuardsFiltersAndSignatures.unwrap(IndyGuardsFiltersAndSignatures.java:160)\r\n\tat org.codehaus.groovy.vmplugin.v8.IndyInterface.fromCache(IndyInterface.java:318)\r\n\tat calculator.StepDefinition.iGetTheResultResultInLong(StepDefinition.groovy:138)\r\n\tat ✽.I get the result 0 in Long(C:/Users/tugia/Katalon Studio/A3-Calculator/Include/features/CAL-9 Fibonacci.feature:7)\r\n",
              "duration": 348200,
              "status": "failed"
            },
            "line": 7,
            "name": "I get the result 0 in Long",
            "match": {
              "arguments": [
                {
                  "val": "0",
                  "offset": 17
                }
              ],
              "location": "StepDefinition.iGetTheResultResultInLong(long)"
            },
            "keyword": "Then ",
            "BDD_STEP_UUID": "4747b842-dbab-44e3-8ca2-b69e54a1c998"
          }
        ]
      },
      {
        "BDD_TESTRUN_UUID": "48904957-4b28-4a14-938c-88b65dcbfae7",
        "line": 14,
        "name": "Fibonacci",
        "description": "",
        "id": "fibonacci;fibonacci;;5",
        "type": "scenario",
        "keyword": "Scenario Outline",
        "steps": [
          {
            "result": {
              "duration": 215600,
              "status": "passed"
            },
            "line": 5,
            "name": "I run the code",
            "match": {
              "location": "StepDefinition.iRunTheCode()"
            },
            "keyword": "Given ",
            "BDD_STEP_UUID": "c7687c74-51d7-4f21-a9c3-efc618d33ff1"
          },
          {
            "result": {
              "duration": 53879949100,
              "status": "passed"
            },
            "line": 6,
            "name": "fibonacci number of 50",
            "match": {
              "arguments": [
                {
                  "val": "50",
                  "offset": 20
                }
              ],
              "location": "StepDefinition.fibonacci(Integer)"
            },
            "keyword": "When ",
            "BDD_STEP_UUID": "cf15928e-62b0-472c-980f-430eddf2bf6b"
          },
          {
            "result": {
              "error_message": "groovy.lang.MissingMethodException: No signature of method: calculator.StepDefinition.assertEquals() is applicable for argument types: (Long, Long) values: [12586269025, 12586269025]\r\n\tat org.codehaus.groovy.runtime.ScriptBytecodeAdapter.unwrap(ScriptBytecodeAdapter.java:70)\r\n\tat org.codehaus.groovy.vmplugin.v8.IndyGuardsFiltersAndSignatures.unwrap(IndyGuardsFiltersAndSignatures.java:160)\r\n\tat org.codehaus.groovy.vmplugin.v8.IndyInterface.fromCache(IndyInterface.java:318)\r\n\tat calculator.StepDefinition.iGetTheResultResultInLong(StepDefinition.groovy:138)\r\n\tat ✽.I get the result 12586269025 in Long(C:/Users/tugia/Katalon Studio/A3-Calculator/Include/features/CAL-9 Fibonacci.feature:7)\r\n",
              "duration": 946800,
              "status": "failed"
            },
            "line": 7,
            "name": "I get the result 12586269025 in Long",
            "match": {
              "arguments": [
                {
                  "val": "12586269025",
                  "offset": 17
                }
              ],
              "location": "StepDefinition.iGetTheResultResultInLong(long)"
            },
            "keyword": "Then ",
            "BDD_STEP_UUID": "af6bceea-a924-448a-93a2-8b352cb71e29"
          }
        ]
      },
      {
        "BDD_TESTRUN_UUID": "17afefda-7e28-470e-b7ab-a9625040e278",
        "line": 23,
        "name": "Error Fibonacci",
        "description": "",
        "id": "fibonacci;error-fibonacci;;2",
        "type": "scenario",
        "keyword": "Scenario Outline",
        "steps": [
          {
            "result": {
              "duration": 311200,
              "status": "passed"
            },
            "line": 17,
            "name": "I run the code",
            "match": {
              "location": "StepDefinition.iRunTheCode()"
            },
            "keyword": "Given ",
            "BDD_STEP_UUID": "c60d0e7d-4596-4f11-9a08-fd08f8c18c6a"
          },
          {
            "result": {
              "duration": 1197100,
              "status": "passed"
            },
            "line": 18,
            "name": "illegal fibonacci number of -1",
            "match": {
              "arguments": [
                {
                  "val": "-1",
                  "offset": 28
                }
              ],
              "location": "StepDefinition.aIllegalFibonacci(Integer)"
            },
            "keyword": "When ",
            "BDD_STEP_UUID": "97dde4f8-e8f2-4e60-851e-824be341f479"
          },
          {
            "result": {
              "error_message": "groovy.lang.MissingMethodException: No signature of method: calculator.StepDefinition.assertEquals() is applicable for argument types: (String, String) values: [Fibonacci cannot be calculated for negative numbers, Fibonacci cannot be calculated for negative numbers]\r\n\tat org.codehaus.groovy.runtime.ScriptBytecodeAdapter.unwrap(ScriptBytecodeAdapter.java:70)\r\n\tat org.codehaus.groovy.vmplugin.v8.IndyGuardsFiltersAndSignatures.unwrap(IndyGuardsFiltersAndSignatures.java:160)\r\n\tat org.codehaus.groovy.vmplugin.v8.IndyInterface.fromCache(IndyInterface.java:318)\r\n\tat calculator.StepDefinition.iGetTheException(StepDefinition.groovy:197)\r\n\tat ✽.I get the Exception \"Fibonacci cannot be calculated for negative numbers\"(C:/Users/tugia/Katalon Studio/A3-Calculator/Include/features/CAL-9 Fibonacci.feature:19)\r\n",
              "duration": 620700,
              "status": "failed"
            },
            "line": 19,
            "name": "I get the Exception \"Fibonacci cannot be calculated for negative numbers\"",
            "match": {
              "arguments": [
                {
                  "val": "\"Fibonacci cannot be calculated for negative numbers\"",
                  "offset": 20
                }
              ],
              "location": "StepDefinition.iGetTheException(String)"
            },
            "keyword": "Then ",
            "BDD_STEP_UUID": "49c54c26-a5f2-487f-af05-f5aec13f393d"
          }
        ]
      }
    ],
    "name": "fibonacci",
    "description": "  I want to use add operator",
    "id": "fibonacci",
    "keyword": "Feature",
    "uri": "C:/Users/tugia/Katalon Studio/A3-Calculator/Include/features/CAL-9 Fibonacci.feature",
    "tags": []
  }
]