[
  {
    "line": 1,
    "elements": [
      {
        "BDD_TESTRUN_UUID": "24e50349-08d8-4c41-9748-3a2181f7e951",
        "line": 11,
        "name": "Subtraction",
        "description": "",
        "id": "minus;subtraction;;2",
        "type": "scenario",
        "keyword": "Scenario Outline",
        "steps": [
          {
            "result": {
              "duration": 601900,
              "status": "passed"
            },
            "line": 5,
            "name": "I run the code",
            "match": {
              "location": "StepDefinition.iRunTheCode()"
            },
            "keyword": "Given ",
            "BDD_STEP_UUID": "7a9b2ddf-9390-40b8-96db-221336e745f3"
          },
          {
            "result": {
              "duration": 2226400,
              "status": "passed"
            },
            "line": 6,
            "name": "10 minus 20",
            "match": {
              "arguments": [
                {
                  "val": "10",
                  "offset": 0
                },
                {
                  "val": "20",
                  "offset": 9
                }
              ],
              "location": "StepDefinition.minus(Integer,Integer)"
            },
            "keyword": "When ",
            "BDD_STEP_UUID": "c2394725-3f5a-4d6a-b789-63a3379af2a5"
          },
          {
            "result": {
              "duration": 1142000,
              "status": "passed"
            },
            "line": 7,
            "name": "I get the result -10",
            "match": {
              "arguments": [
                {
                  "val": "-10",
                  "offset": 17
                }
              ],
              "location": "StepDefinition.iGetTheResultResultInDouble(int)"
            },
            "keyword": "Then ",
            "BDD_STEP_UUID": "20daf61e-f4d5-41fd-aadd-852a5a832fb5"
          }
        ]
      },
      {
        "BDD_TESTRUN_UUID": "ea70e075-7e86-4a55-b30d-44cb0e7ad99b",
        "line": 12,
        "name": "Subtraction",
        "description": "",
        "id": "minus;subtraction;;3",
        "type": "scenario",
        "keyword": "Scenario Outline",
        "steps": [
          {
            "result": {
              "duration": 903100,
              "status": "passed"
            },
            "line": 5,
            "name": "I run the code",
            "match": {
              "location": "StepDefinition.iRunTheCode()"
            },
            "keyword": "Given ",
            "BDD_STEP_UUID": "9a6da8cb-2048-4937-a986-9cd85a53df00"
          },
          {
            "result": {
              "duration": 489400,
              "status": "passed"
            },
            "line": 6,
            "name": "222 minus 111",
            "match": {
              "arguments": [
                {
                  "val": "222",
                  "offset": 0
                },
                {
                  "val": "111",
                  "offset": 10
                }
              ],
              "location": "StepDefinition.minus(Integer,Integer)"
            },
            "keyword": "When ",
            "BDD_STEP_UUID": "756ea08b-f298-4bf6-922a-cec1a8264706"
          },
          {
            "result": {
              "duration": 431400,
              "status": "passed"
            },
            "line": 7,
            "name": "I get the result 111",
            "match": {
              "arguments": [
                {
                  "val": "111",
                  "offset": 17
                }
              ],
              "location": "StepDefinition.iGetTheResultResultInDouble(int)"
            },
            "keyword": "Then ",
            "BDD_STEP_UUID": "0c97ec61-d759-48d0-bae1-6f241eb5208a"
          }
        ]
      },
      {
        "BDD_TESTRUN_UUID": "2cc394e7-1718-4c28-8695-fa05f827af4b",
        "line": 13,
        "name": "Subtraction",
        "description": "",
        "id": "minus;subtraction;;4",
        "type": "scenario",
        "keyword": "Scenario Outline",
        "steps": [
          {
            "result": {
              "duration": 433700,
              "status": "passed"
            },
            "line": 5,
            "name": "I run the code",
            "match": {
              "location": "StepDefinition.iRunTheCode()"
            },
            "keyword": "Given ",
            "BDD_STEP_UUID": "1be6dad7-4597-49b3-8603-e3f5f43a22ea"
          },
          {
            "result": {
              "duration": 524500,
              "status": "passed"
            },
            "line": 6,
            "name": "100 minus -78",
            "match": {
              "arguments": [
                {
                  "val": "100",
                  "offset": 0
                },
                {
                  "val": "-78",
                  "offset": 10
                }
              ],
              "location": "StepDefinition.minus(Integer,Integer)"
            },
            "keyword": "When ",
            "BDD_STEP_UUID": "1bf18cf4-d8bf-4a57-807a-bb3feec12d8a"
          },
          {
            "result": {
              "duration": 424000,
              "status": "passed"
            },
            "line": 7,
            "name": "I get the result 178",
            "match": {
              "arguments": [
                {
                  "val": "178",
                  "offset": 17
                }
              ],
              "location": "StepDefinition.iGetTheResultResultInDouble(int)"
            },
            "keyword": "Then ",
            "BDD_STEP_UUID": "4c1737c6-f997-4444-a026-016f7a4576a2"
          }
        ]
      }
    ],
    "name": "minus",
    "description": "  I want to use minus operator",
    "id": "minus",
    "keyword": "Feature",
    "uri": "C:/Users/tugia/Katalon Studio/A3-Calculator/Include/features/CAL-2 Minus.feature",
    "tags": []
  }
]