[
  {
    "line": 1,
    "elements": [
      {
        "BDD_TESTRUN_UUID": "7f7bdc07-fd27-466a-ad50-ac3a7942016d",
        "line": 11,
        "name": "Addition",
        "description": "",
        "id": "add;addition;;2",
        "type": "scenario",
        "keyword": "Scenario Outline",
        "steps": [
          {
            "result": {
              "duration": 16506600,
              "status": "passed"
            },
            "line": 5,
            "name": "I run the code",
            "match": {
              "location": "StepDefinition.iRunTheCode()"
            },
            "keyword": "Given ",
            "BDD_STEP_UUID": "b3783ed4-cae0-42e9-aa3d-feb4dc47acc9"
          },
          {
            "result": {
              "duration": 6648000,
              "status": "passed"
            },
            "line": 6,
            "name": "10 plus 20",
            "match": {
              "arguments": [
                {
                  "val": "10",
                  "offset": 0
                },
                {
                  "val": "20",
                  "offset": 8
                }
              ],
              "location": "StepDefinition.aPlusB(int,int)"
            },
            "keyword": "When ",
            "BDD_STEP_UUID": "db6840d9-777a-4a4c-b82c-00986a61baf6"
          },
          {
            "result": {
              "duration": 28508500,
              "status": "passed"
            },
            "line": 7,
            "name": "I get the result 30",
            "match": {
              "arguments": [
                {
                  "val": "30",
                  "offset": 17
                }
              ],
              "location": "StepDefinition.iGetTheResultResultInDouble(int)"
            },
            "keyword": "Then ",
            "BDD_STEP_UUID": "ffded5db-21c6-413b-a594-ab18599aae65"
          }
        ]
      },
      {
        "BDD_TESTRUN_UUID": "a8e48efe-ef22-4551-9dd0-05b76d4ca7bf",
        "line": 12,
        "name": "Addition",
        "description": "",
        "id": "add;addition;;3",
        "type": "scenario",
        "keyword": "Scenario Outline",
        "steps": [
          {
            "result": {
              "duration": 823000,
              "status": "passed"
            },
            "line": 5,
            "name": "I run the code",
            "match": {
              "location": "StepDefinition.iRunTheCode()"
            },
            "keyword": "Given ",
            "BDD_STEP_UUID": "cb6d7ea1-4152-42c3-ac93-d7e7393a6eea"
          },
          {
            "result": {
              "duration": 793500,
              "status": "passed"
            },
            "line": 6,
            "name": "123 plus 456",
            "match": {
              "arguments": [
                {
                  "val": "123",
                  "offset": 0
                },
                {
                  "val": "456",
                  "offset": 9
                }
              ],
              "location": "StepDefinition.aPlusB(int,int)"
            },
            "keyword": "When ",
            "BDD_STEP_UUID": "17d95bc3-7a93-4f76-b705-f6b47c087e32"
          },
          {
            "result": {
              "duration": 1557900,
              "status": "passed"
            },
            "line": 7,
            "name": "I get the result 579",
            "match": {
              "arguments": [
                {
                  "val": "579",
                  "offset": 17
                }
              ],
              "location": "StepDefinition.iGetTheResultResultInDouble(int)"
            },
            "keyword": "Then ",
            "BDD_STEP_UUID": "50aff857-0f72-4f5f-a099-f19f09482c3d"
          }
        ]
      },
      {
        "BDD_TESTRUN_UUID": "baa00afa-f39c-4003-81aa-9a504ccf43b7",
        "line": 13,
        "name": "Addition",
        "description": "",
        "id": "add;addition;;4",
        "type": "scenario",
        "keyword": "Scenario Outline",
        "steps": [
          {
            "result": {
              "duration": 698600,
              "status": "passed"
            },
            "line": 5,
            "name": "I run the code",
            "match": {
              "location": "StepDefinition.iRunTheCode()"
            },
            "keyword": "Given ",
            "BDD_STEP_UUID": "9ce0fc6c-c3c1-42c9-a3aa-fd7686e5d0c6"
          },
          {
            "result": {
              "duration": 578000,
              "status": "passed"
            },
            "line": 6,
            "name": "177 plus 13",
            "match": {
              "arguments": [
                {
                  "val": "177",
                  "offset": 0
                },
                {
                  "val": "13",
                  "offset": 9
                }
              ],
              "location": "StepDefinition.aPlusB(int,int)"
            },
            "keyword": "When ",
            "BDD_STEP_UUID": "f910dc77-c3e8-4b1f-a4a7-4e7c7bb6d0a5"
          },
          {
            "result": {
              "duration": 650100,
              "status": "passed"
            },
            "line": 7,
            "name": "I get the result 190",
            "match": {
              "arguments": [
                {
                  "val": "190",
                  "offset": 17
                }
              ],
              "location": "StepDefinition.iGetTheResultResultInDouble(int)"
            },
            "keyword": "Then ",
            "BDD_STEP_UUID": "d2cf23d9-67fa-4ddb-8c29-aa20bc6db636"
          }
        ]
      }
    ],
    "name": "add",
    "description": "    I want to use add operator",
    "id": "add",
    "keyword": "Feature",
    "uri": "C:/Users/tugia/Katalon Studio/A3-Calculator/Include/features/CAL-1 Add.feature",
    "tags": []
  }
]