Suite/Test/Step Name,Browser,Description,Tag,Start time,End time,Duration,Status
Profile Management,,,,21-09-2024 12:26:49,21-09-2024 12:26:50,0.695s,FAILED
,,,,,,,
"Test Cases/A3JBTMT-23 Verify that users can update their account details (address, phone number, etc.)",,"Summary: Verify that users can update their account details (address, phone number, etc.)
Description: ",jira-integration,21-09-2024 12:26:50,21-09-2024 12:26:50,0.030s,FAILED
"runFeatureFile(""Include/features/A3JBTMT-23 Verify that users can update their account details (address, phone number, etc.).feature"")",,,,21-09-2024 12:26:50,21-09-2024 12:26:50,0.014s,FAILED
,,,,,,,
Test Cases/A3JBTMT-24 Verify that users receive a confirmation email upon changing critical information (e.g. password),,"Summary: Verify that users receive a confirmation email upon changing critical information (e.g. password)
Description: ",jira-integration,21-09-2024 12:26:50,21-09-2024 12:26:50,0.022s,FAILED
"runFeatureFile(""Include/features/A3JBTMT-24 Verify that users receive a confirmation email upon changing critical information (e.g. password).feature"")",,,,21-09-2024 12:26:50,21-09-2024 12:26:50,0.009s,FAILED
