Suite/Test/Step Name,Browser,Description,Tag,Start time,End time,Duration,Status
TestSuite,,,,17-09-2024 22:13:26,17-09-2024 22:13:28,2.731s,FAILED
,,,,,,,
Test Cases/CAL-1 Add,,"Summary: Add
Description: ",jira-integration,17-09-2024 22:13:27,17-09-2024 22:13:27,0.044s,FAILED
Start listener action : sampleBeforeTestCase,,,,17-09-2024 22:13:27,17-09-2024 22:13:27,0.003s,PASSED
"runFeatureFile(""Include/features/CAL-1 Add.feature"")",,,,17-09-2024 22:13:27,17-09-2024 22:13:27,0.024s,FAILED
Start listener action : sampleAfterTestCase,,,,17-09-2024 22:13:27,17-09-2024 22:13:27,0.001s,PASSED
,,,,,,,
Test Cases/CAL-2 Minus,,"Summary: Minus
Description: ",jira-integration,17-09-2024 22:13:27,17-09-2024 22:13:27,0.041s,FAILED
Start listener action : sampleBeforeTestCase,,,,17-09-2024 22:13:27,17-09-2024 22:13:27,0.008s,PASSED
"runFeatureFile(""Include/features/CAL-2 Minus.feature"")",,,,17-09-2024 22:13:27,17-09-2024 22:13:27,0.017s,FAILED
Start listener action : sampleAfterTestCase,,,,17-09-2024 22:13:27,17-09-2024 22:13:27,0.001s,PASSED
,,,,,,,
Test Cases/CAL-3 Multiply,,"Summary: Multiply
Description: ",jira-integration,17-09-2024 22:13:27,17-09-2024 22:13:27,0.030s,FAILED
Start listener action : sampleBeforeTestCase,,,,17-09-2024 22:13:27,17-09-2024 22:13:27,0.001s,PASSED
"runFeatureFile(""Include/features/CAL-3 Multiply.feature"")",,,,17-09-2024 22:13:27,17-09-2024 22:13:27,0.016s,FAILED
Start listener action : sampleAfterTestCase,,,,17-09-2024 22:13:27,17-09-2024 22:13:27,0.001s,PASSED
,,,,,,,
Test Cases/CAL-4 Divide,,"Summary: Divide
Description: ",jira-integration,17-09-2024 22:13:27,17-09-2024 22:13:27,0.027s,FAILED
Start listener action : sampleBeforeTestCase,,,,17-09-2024 22:13:27,17-09-2024 22:13:27,0.001s,PASSED
"runFeatureFile(""Include/features/CAL-4 Divide.feature"")",,,,17-09-2024 22:13:27,17-09-2024 22:13:27,0.015s,FAILED
Start listener action : sampleAfterTestCase,,,,17-09-2024 22:13:27,17-09-2024 22:13:27,0.001s,PASSED
,,,,,,,
Test Cases/CAL-5 Modulus,,"Summary: Modulus
Description: ",jira-integration,17-09-2024 22:13:28,17-09-2024 22:13:28,0.030s,FAILED
Start listener action : sampleBeforeTestCase,,,,17-09-2024 22:13:28,17-09-2024 22:13:28,0.000s,PASSED
"runFeatureFile(""Include/features/CAL-5 Modulus.feature"")",,,,17-09-2024 22:13:28,17-09-2024 22:13:28,0.016s,FAILED
Start listener action : sampleAfterTestCase,,,,17-09-2024 22:13:28,17-09-2024 22:13:28,0.001s,PASSED
,,,,,,,
Test Cases/CAL-6 Power,,"Summary: Power
Description: ",jira-integration,17-09-2024 22:13:28,17-09-2024 22:13:28,0.025s,FAILED
Start listener action : sampleBeforeTestCase,,,,17-09-2024 22:13:28,17-09-2024 22:13:28,0.000s,PASSED
"runFeatureFile(""Include/features/CAL-6 Power.feature"")",,,,17-09-2024 22:13:28,17-09-2024 22:13:28,0.014s,FAILED
Start listener action : sampleAfterTestCase,,,,17-09-2024 22:13:28,17-09-2024 22:13:28,0.000s,PASSED
,,,,,,,
Test Cases/CAL-7 GCD,,"Summary: GCD
Description: ",jira-integration,17-09-2024 22:13:28,17-09-2024 22:13:28,0.030s,FAILED
Start listener action : sampleBeforeTestCase,,,,17-09-2024 22:13:28,17-09-2024 22:13:28,0.001s,PASSED
"runFeatureFile(""Include/features/CAL-7 GCD.feature"")",,,,17-09-2024 22:13:28,17-09-2024 22:13:28,0.019s,FAILED
Start listener action : sampleAfterTestCase,,,,17-09-2024 22:13:28,17-09-2024 22:13:28,0.001s,PASSED
,,,,,,,
Test Cases/CAL-8 LCM,,"Summary: LCM
Description: ",jira-integration,17-09-2024 22:13:28,17-09-2024 22:13:28,0.028s,FAILED
Start listener action : sampleBeforeTestCase,,,,17-09-2024 22:13:28,17-09-2024 22:13:28,0.001s,PASSED
"runFeatureFile(""Include/features/CAL-8 LCM.feature"")",,,,17-09-2024 22:13:28,17-09-2024 22:13:28,0.016s,FAILED
Start listener action : sampleAfterTestCase,,,,17-09-2024 22:13:28,17-09-2024 22:13:28,0.001s,PASSED
,,,,,,,
Test Cases/CAL-9 Fibonacci,,"Summary: Fibonacci
Description: ",jira-integration,17-09-2024 22:13:28,17-09-2024 22:13:28,0.026s,FAILED
Start listener action : sampleBeforeTestCase,,,,17-09-2024 22:13:28,17-09-2024 22:13:28,0.001s,PASSED
"runFeatureFile(""Include/features/CAL-9 Fibonacci.feature"")",,,,17-09-2024 22:13:28,17-09-2024 22:13:28,0.014s,FAILED
Start listener action : sampleAfterTestCase,,,,17-09-2024 22:13:28,17-09-2024 22:13:28,0.001s,PASSED
