[
  {
    "line": 1,
    "elements": [
      {
        "BDD_TESTRUN_UUID": "d188b767-55aa-4c3a-bc83-e90d95e2dea5",
        "line": 11,
        "name": "Division",
        "description": "",
        "id": "divide;division;;2",
        "type": "scenario",
        "keyword": "Scenario Outline",
        "steps": [
          {
            "result": {
              "duration": 386100,
              "status": "passed"
            },
            "line": 5,
            "name": "I run the code",
            "match": {
              "location": "StepDefinition.iRunTheCode()"
            },
            "keyword": "Given ",
            "BDD_STEP_UUID": "56fd81a2-5e3b-45cc-a4e8-9befbb9c40b2"
          },
          {
            "result": {
              "duration": 321000,
              "status": "passed"
            },
            "line": 6,
            "name": "10 divide 20",
            "match": {
              "arguments": [
                {
                  "val": "10",
                  "offset": 0
                },
                {
                  "val": "20",
                  "offset": 10
                }
              ],
              "location": "StepDefinition.divide(Integer,Integer)"
            },
            "keyword": "When ",
            "BDD_STEP_UUID": "dc59168b-4248-4bab-aa36-178e0f978e1f"
          },
          {
            "result": {
              "duration": 421900,
              "status": "passed"
            },
            "line": 7,
            "name": "I get the result 0.5 in Double",
            "match": {
              "arguments": [
                {
                  "val": "0.5",
                  "offset": 17
                }
              ],
              "location": "StepDefinition.iGetTheResultResultInDouble(double)"
            },
            "keyword": "Then ",
            "BDD_STEP_UUID": "44682533-f9ea-4ba0-bca9-86108670700e"
          }
        ]
      },
      {
        "BDD_TESTRUN_UUID": "63bf52bd-e12f-4a3d-b88f-959bbebddb10",
        "line": 12,
        "name": "Division",
        "description": "",
        "id": "divide;division;;3",
        "type": "scenario",
        "keyword": "Scenario Outline",
        "steps": [
          {
            "result": {
              "duration": 259700,
              "status": "passed"
            },
            "line": 5,
            "name": "I run the code",
            "match": {
              "location": "StepDefinition.iRunTheCode()"
            },
            "keyword": "Given ",
            "BDD_STEP_UUID": "522bddf0-b90c-4ab7-8ce0-7f085553c162"
          },
          {
            "result": {
              "duration": 319700,
              "status": "passed"
            },
            "line": 6,
            "name": "222 divide 111",
            "match": {
              "arguments": [
                {
                  "val": "222",
                  "offset": 0
                },
                {
                  "val": "111",
                  "offset": 11
                }
              ],
              "location": "StepDefinition.divide(Integer,Integer)"
            },
            "keyword": "When ",
            "BDD_STEP_UUID": "b988a15e-19f6-4baf-8c79-e58fec8edbf1"
          },
          {
            "result": {
              "status": "undefined"
            },
            "line": 7,
            "name": "I get the result 2 in Double",
            "match": {},
            "keyword": "Then ",
            "BDD_STEP_UUID": "781e3d05-bcf6-48cd-9107-5b92fb8f8c1a"
          }
        ]
      },
      {
        "BDD_TESTRUN_UUID": "bff8755d-917c-4265-814c-94c754bb2219",
        "line": 13,
        "name": "Division",
        "description": "",
        "id": "divide;division;;4",
        "type": "scenario",
        "keyword": "Scenario Outline",
        "steps": [
          {
            "result": {
              "duration": 289100,
              "status": "passed"
            },
            "line": 5,
            "name": "I run the code",
            "match": {
              "location": "StepDefinition.iRunTheCode()"
            },
            "keyword": "Given ",
            "BDD_STEP_UUID": "f670ed75-305d-4cd8-90e2-6ff52ebc1ebf"
          },
          {
            "result": {
              "duration": 343900,
              "status": "passed"
            },
            "line": 6,
            "name": "132 divide 1",
            "match": {
              "arguments": [
                {
                  "val": "132",
                  "offset": 0
                },
                {
                  "val": "1",
                  "offset": 11
                }
              ],
              "location": "StepDefinition.divide(Integer,Integer)"
            },
            "keyword": "When ",
            "BDD_STEP_UUID": "b2a98da5-3e31-44ae-abf8-d0185b51958f"
          },
          {
            "result": {
              "status": "undefined"
            },
            "line": 7,
            "name": "I get the result 132 in Double",
            "match": {},
            "keyword": "Then ",
            "BDD_STEP_UUID": "97eb5f6d-0a48-411e-950f-4b520f6dd2b8"
          }
        ]
      },
      {
        "BDD_TESTRUN_UUID": "1cd67984-68d3-4445-834c-333f1422aba8",
        "line": 22,
        "name": "Illegal Division",
        "description": "",
        "id": "divide;illegal-division;;2",
        "type": "scenario",
        "keyword": "Scenario Outline",
        "steps": [
          {
            "result": {
              "duration": 415900,
              "status": "passed"
            },
            "line": 16,
            "name": "I run the code",
            "match": {
              "location": "StepDefinition.iRunTheCode()"
            },
            "keyword": "Given ",
            "BDD_STEP_UUID": "cfc3a012-df26-42ad-ae10-9cad51e5476f"
          },
          {
            "result": {
              "duration": 446300,
              "status": "passed"
            },
            "line": 17,
            "name": "10 illegal divide 0",
            "match": {
              "arguments": [
                {
                  "val": "10",
                  "offset": 0
                },
                {
                  "val": "0",
                  "offset": 18
                }
              ],
              "location": "StepDefinition.aIllegalDivideB(Integer,Integer)"
            },
            "keyword": "When ",
            "BDD_STEP_UUID": "3b2acac8-27ef-4536-adf8-7c9ffea68191"
          },
          {
            "result": {
              "duration": 618300,
              "status": "passed"
            },
            "line": 18,
            "name": "I get the Exception \"Divisor cannot be zero\"",
            "match": {
              "arguments": [
                {
                  "val": "\"Divisor cannot be zero\"",
                  "offset": 20
                }
              ],
              "location": "StepDefinition.iGetTheException(String)"
            },
            "keyword": "Then ",
            "BDD_STEP_UUID": "d8dfc2c8-bfb3-4439-9e13-6707f6f099e1"
          }
        ]
      }
    ],
    "name": "divide",
    "description": "  I want to use divide operator",
    "id": "divide",
    "keyword": "Feature",
    "uri": "C:/Users/tugia/Katalon Studio/A3-Calculator/Include/features/CAL-4 Divide.feature",
    "tags": []
  }
]