[
  {
    "line": 1,
    "elements": [
      {
        "BDD_TESTRUN_UUID": "d73e74df-819b-435e-a3bf-e77af920bbf9",
        "line": 11,
        "name": "Addition",
        "description": "",
        "id": "add;addition;;2",
        "type": "scenario",
        "keyword": "Scenario Outline",
        "steps": [
          {
            "result": {
              "duration": 795600,
              "status": "passed"
            },
            "line": 5,
            "name": "I run the code",
            "match": {
              "location": "StepDefinition.iRunTheCode()"
            },
            "keyword": "Given ",
            "BDD_STEP_UUID": "9e918edb-3d11-4430-884e-968946230a27"
          },
          {
            "result": {
              "duration": 906100,
              "status": "passed"
            },
            "line": 6,
            "name": "10 plus 20",
            "match": {
              "arguments": [
                {
                  "val": "10",
                  "offset": 0
                },
                {
                  "val": "20",
                  "offset": 8
                }
              ],
              "location": "StepDefinition.aPlusB(int,int)"
            },
            "keyword": "When ",
            "BDD_STEP_UUID": "e5e610eb-1746-4134-8058-5ec3070b134f"
          },
          {
            "result": {
              "error_message": "groovy.lang.MissingMethodException: No signature of method: calculator.StepDefinition.assertEquals() is applicable for argument types: (Integer, Integer) values: [30, 30]\r\n\tat org.codehaus.groovy.runtime.ScriptBytecodeAdapter.unwrap(ScriptBytecodeAdapter.java:70)\r\n\tat org.codehaus.groovy.vmplugin.v8.IndyGuardsFiltersAndSignatures.unwrap(IndyGuardsFiltersAndSignatures.java:160)\r\n\tat org.codehaus.groovy.vmplugin.v8.IndyInterface.fromCache(IndyInterface.java:318)\r\n\tat calculator.StepDefinition.iGetTheResultResultInDouble(StepDefinition.groovy:123)\r\n\tat ✽.I get the result 30(C:/Users/tugia/Katalon Studio/A3-Calculator/Include/features/CAL-1 Add.feature:7)\r\n",
              "duration": 1964700,
              "status": "failed"
            },
            "line": 7,
            "name": "I get the result 30",
            "match": {
              "arguments": [
                {
                  "val": "30",
                  "offset": 17
                }
              ],
              "location": "StepDefinition.iGetTheResultResultInDouble(int)"
            },
            "keyword": "Then ",
            "BDD_STEP_UUID": "af9c953c-314b-4093-b542-7ac1531094f6"
          }
        ]
      },
      {
        "BDD_TESTRUN_UUID": "018c07ed-9eb0-45d9-854c-5167e421e7a4",
        "line": 12,
        "name": "Addition",
        "description": "",
        "id": "add;addition;;3",
        "type": "scenario",
        "keyword": "Scenario Outline",
        "steps": [
          {
            "result": {
              "duration": 969000,
              "status": "passed"
            },
            "line": 5,
            "name": "I run the code",
            "match": {
              "location": "StepDefinition.iRunTheCode()"
            },
            "keyword": "Given ",
            "BDD_STEP_UUID": "d464e325-15cf-404c-a9a0-aa30a8e2a942"
          },
          {
            "result": {
              "duration": 663800,
              "status": "passed"
            },
            "line": 6,
            "name": "123 plus 456",
            "match": {
              "arguments": [
                {
                  "val": "123",
                  "offset": 0
                },
                {
                  "val": "456",
                  "offset": 9
                }
              ],
              "location": "StepDefinition.aPlusB(int,int)"
            },
            "keyword": "When ",
            "BDD_STEP_UUID": "33999d74-4bd9-4727-853d-dda469bf212c"
          },
          {
            "result": {
              "error_message": "groovy.lang.MissingMethodException: No signature of method: calculator.StepDefinition.assertEquals() is applicable for argument types: (Integer, Integer) values: [579, 579]\r\n\tat org.codehaus.groovy.runtime.ScriptBytecodeAdapter.unwrap(ScriptBytecodeAdapter.java:70)\r\n\tat org.codehaus.groovy.vmplugin.v8.IndyGuardsFiltersAndSignatures.unwrap(IndyGuardsFiltersAndSignatures.java:160)\r\n\tat org.codehaus.groovy.vmplugin.v8.IndyInterface.fromCache(IndyInterface.java:318)\r\n\tat calculator.StepDefinition.iGetTheResultResultInDouble(StepDefinition.groovy:123)\r\n\tat ✽.I get the result 579(C:/Users/tugia/Katalon Studio/A3-Calculator/Include/features/CAL-1 Add.feature:7)\r\n",
              "duration": 1120300,
              "status": "failed"
            },
            "line": 7,
            "name": "I get the result 579",
            "match": {
              "arguments": [
                {
                  "val": "579",
                  "offset": 17
                }
              ],
              "location": "StepDefinition.iGetTheResultResultInDouble(int)"
            },
            "keyword": "Then ",
            "BDD_STEP_UUID": "94f0406a-4564-47c9-90e2-b25faf329655"
          }
        ]
      },
      {
        "BDD_TESTRUN_UUID": "1eed9ee4-6d3d-4cea-b2b0-a3da8e84f6c2",
        "line": 13,
        "name": "Addition",
        "description": "",
        "id": "add;addition;;4",
        "type": "scenario",
        "keyword": "Scenario Outline",
        "steps": [
          {
            "result": {
              "duration": 715400,
              "status": "passed"
            },
            "line": 5,
            "name": "I run the code",
            "match": {
              "location": "StepDefinition.iRunTheCode()"
            },
            "keyword": "Given ",
            "BDD_STEP_UUID": "1d1c3878-657d-4ee3-8965-3bceac2b1d27"
          },
          {
            "result": {
              "duration": 640300,
              "status": "passed"
            },
            "line": 6,
            "name": "177 plus 456",
            "match": {
              "arguments": [
                {
                  "val": "177",
                  "offset": 0
                },
                {
                  "val": "456",
                  "offset": 9
                }
              ],
              "location": "StepDefinition.aPlusB(int,int)"
            },
            "keyword": "When ",
            "BDD_STEP_UUID": "07604adf-1bc2-4eda-aba4-be49cb5a2854"
          },
          {
            "result": {
              "error_message": "groovy.lang.MissingMethodException: No signature of method: calculator.StepDefinition.assertEquals() is applicable for argument types: (Integer, Integer) values: [633, 579]\r\n\tat org.codehaus.groovy.runtime.ScriptBytecodeAdapter.unwrap(ScriptBytecodeAdapter.java:70)\r\n\tat org.codehaus.groovy.vmplugin.v8.IndyGuardsFiltersAndSignatures.unwrap(IndyGuardsFiltersAndSignatures.java:160)\r\n\tat org.codehaus.groovy.vmplugin.v8.IndyInterface.fromCache(IndyInterface.java:318)\r\n\tat calculator.StepDefinition.iGetTheResultResultInDouble(StepDefinition.groovy:123)\r\n\tat ✽.I get the result 579(C:/Users/tugia/Katalon Studio/A3-Calculator/Include/features/CAL-1 Add.feature:7)\r\n",
              "duration": 897600,
              "status": "failed"
            },
            "line": 7,
            "name": "I get the result 579",
            "match": {
              "arguments": [
                {
                  "val": "579",
                  "offset": 17
                }
              ],
              "location": "StepDefinition.iGetTheResultResultInDouble(int)"
            },
            "keyword": "Then ",
            "BDD_STEP_UUID": "f0edc4b4-9300-4dba-a9e1-4a8fafa859d9"
          }
        ]
      }
    ],
    "name": "add",
    "description": "    I want to use add operator",
    "id": "add",
    "keyword": "Feature",
    "uri": "C:/Users/tugia/Katalon Studio/A3-Calculator/Include/features/CAL-1 Add.feature",
    "tags": []
  }
]