Suite/Test/Step Name,Browser,Description,Tag,Start time,End time,Duration,Status
TestSuite,,,,17-09-2024 22:22:26,17-09-2024 22:26:05,3m - 38.594s,FAILED
,,,,,,,
Test Cases/CAL-1 Add,,"Summary: Add
Description: ",jira-integration,17-09-2024 22:22:28,17-09-2024 22:22:28,0.091s,FAILED
Start listener action : beforeTestCase,,,,17-09-2024 22:22:28,17-09-2024 22:22:28,0.001s,PASSED
"runFeatureFile(""Include/features/CAL-1 Add.feature"")",,,,17-09-2024 22:22:28,17-09-2024 22:22:28,0.075s,FAILED
,,,,,,,
Test Cases/CAL-2 Minus,,"Summary: Minus
Description: ",jira-integration,17-09-2024 22:22:28,17-09-2024 22:22:28,0.072s,FAILED
Start listener action : beforeTestCase,,,,17-09-2024 22:22:28,17-09-2024 22:22:28,0.001s,PASSED
"runFeatureFile(""Include/features/CAL-2 Minus.feature"")",,,,17-09-2024 22:22:28,17-09-2024 22:22:28,0.060s,FAILED
,,,,,,,
Test Cases/CAL-3 Multiply,,"Summary: Multiply
Description: ",jira-integration,17-09-2024 22:22:28,17-09-2024 22:22:28,0.065s,FAILED
Start listener action : beforeTestCase,,,,17-09-2024 22:22:28,17-09-2024 22:22:28,0.001s,PASSED
"runFeatureFile(""Include/features/CAL-3 Multiply.feature"")",,,,17-09-2024 22:22:28,17-09-2024 22:22:28,0.054s,FAILED
,,,,,,,
Test Cases/CAL-4 Divide,,"Summary: Divide
Description: ",jira-integration,17-09-2024 22:22:29,17-09-2024 22:22:29,0.060s,FAILED
Start listener action : beforeTestCase,,,,17-09-2024 22:22:29,17-09-2024 22:22:29,0.001s,PASSED
"runFeatureFile(""Include/features/CAL-4 Divide.feature"")",,,,17-09-2024 22:22:29,17-09-2024 22:22:29,0.048s,FAILED
,,,,,,,
Test Cases/CAL-5 Modulus,,"Summary: Modulus
Description: ",jira-integration,17-09-2024 22:22:29,17-09-2024 22:22:29,0.057s,FAILED
Start listener action : beforeTestCase,,,,17-09-2024 22:22:29,17-09-2024 22:22:29,0.001s,PASSED
"runFeatureFile(""Include/features/CAL-5 Modulus.feature"")",,,,17-09-2024 22:22:29,17-09-2024 22:22:29,0.048s,FAILED
,,,,,,,
Test Cases/CAL-6 Power,,"Summary: Power
Description: ",jira-integration,17-09-2024 22:22:29,17-09-2024 22:22:29,0.070s,FAILED
Start listener action : beforeTestCase,,,,17-09-2024 22:22:29,17-09-2024 22:22:29,0.001s,PASSED
"runFeatureFile(""Include/features/CAL-6 Power.feature"")",,,,17-09-2024 22:22:29,17-09-2024 22:22:29,0.060s,FAILED
,,,,,,,
Test Cases/CAL-7 GCD,,"Summary: GCD
Description: ",jira-integration,17-09-2024 22:22:30,17-09-2024 22:22:30,0.056s,FAILED
Start listener action : beforeTestCase,,,,17-09-2024 22:22:30,17-09-2024 22:22:30,0.001s,PASSED
"runFeatureFile(""Include/features/CAL-7 GCD.feature"")",,,,17-09-2024 22:22:30,17-09-2024 22:22:30,0.047s,FAILED
,,,,,,,
Test Cases/CAL-8 LCM,,"Summary: LCM
Description: ",jira-integration,17-09-2024 22:22:30,17-09-2024 22:22:30,0.571s,FAILED
Start listener action : beforeTestCase,,,,17-09-2024 22:22:30,17-09-2024 22:22:30,0.001s,PASSED
"runFeatureFile(""Include/features/CAL-8 LCM.feature"")",,,,17-09-2024 22:22:30,17-09-2024 22:22:30,0.561s,FAILED
,,,,,,,
Test Cases/CAL-9 Fibonacci,,"Summary: Fibonacci
Description: ",jira-integration,17-09-2024 22:25:12,17-09-2024 22:26:05,53.140s,FAILED
Start listener action : beforeTestCase,,,,17-09-2024 22:25:12,17-09-2024 22:25:12,0.001s,PASSED
"runFeatureFile(""Include/features/CAL-9 Fibonacci.feature"")",,,,17-09-2024 22:25:12,17-09-2024 22:26:05,53.132s,FAILED
