[
  {
    "line": 1,
    "elements": [
      {
        "BDD_TESTRUN_UUID": "6188b3d0-e0e4-4adc-8d04-b30cc187175e",
        "line": 11,
        "name": "Fibonacci",
        "description": "",
        "id": "fibonacci;fibonacci;;2",
        "type": "scenario",
        "keyword": "Scenario Outline",
        "steps": [
          {
            "result": {
              "duration": 242200,
              "status": "passed"
            },
            "line": 5,
            "name": "I run the code",
            "match": {
              "location": "StepDefinition.iRunTheCode()"
            },
            "keyword": "Given ",
            "BDD_STEP_UUID": "0f4ee195-203e-4590-915b-7eb739484506"
          },
          {
            "result": {
              "duration": 198200,
              "status": "passed"
            },
            "line": 6,
            "name": "fibonacci number of 15",
            "match": {
              "arguments": [
                {
                  "val": "15",
                  "offset": 20
                }
              ],
              "location": "StepDefinition.fibonacci(Integer)"
            },
            "keyword": "When ",
            "BDD_STEP_UUID": "e9822125-8cd0-4cff-aede-9617d8ccaff7"
          },
          {
            "result": {
              "error_message": "groovy.lang.MissingMethodException: No signature of method: calculator.StepDefinition.assertEquals() is applicable for argument types: (Long, Long) values: [610, 610]\r\n\tat org.codehaus.groovy.runtime.ScriptBytecodeAdapter.unwrap(ScriptBytecodeAdapter.java:70)\r\n\tat org.codehaus.groovy.vmplugin.v8.IndyGuardsFiltersAndSignatures.unwrap(IndyGuardsFiltersAndSignatures.java:160)\r\n\tat org.codehaus.groovy.vmplugin.v8.IndyInterface.fromCache(IndyInterface.java:318)\r\n\tat calculator.StepDefinition.iGetTheResultResultInLong(StepDefinition.groovy:138)\r\n\tat ✽.I get the result 610 in Long(C:/Users/tugia/Katalon Studio/A3-Calculator/Include/features/CAL-9 Fibonacci.feature:7)\r\n",
              "duration": 407300,
              "status": "failed"
            },
            "line": 7,
            "name": "I get the result 610 in Long",
            "match": {
              "arguments": [
                {
                  "val": "610",
                  "offset": 17
                }
              ],
              "location": "StepDefinition.iGetTheResultResultInLong(long)"
            },
            "keyword": "Then ",
            "BDD_STEP_UUID": "14779ea5-bbf5-406e-8561-12fba715666a"
          }
        ]
      },
      {
        "BDD_TESTRUN_UUID": "c6a4fe5c-fc93-48a5-901b-8403c4259abb",
        "line": 12,
        "name": "Fibonacci",
        "description": "",
        "id": "fibonacci;fibonacci;;3",
        "type": "scenario",
        "keyword": "Scenario Outline",
        "steps": [
          {
            "result": {
              "duration": 234800,
              "status": "passed"
            },
            "line": 5,
            "name": "I run the code",
            "match": {
              "location": "StepDefinition.iRunTheCode()"
            },
            "keyword": "Given ",
            "BDD_STEP_UUID": "8e908de9-9edc-410e-bcc5-2286ca63f0c2"
          },
          {
            "result": {
              "duration": 197500,
              "status": "passed"
            },
            "line": 6,
            "name": "fibonacci number of 1",
            "match": {
              "arguments": [
                {
                  "val": "1",
                  "offset": 20
                }
              ],
              "location": "StepDefinition.fibonacci(Integer)"
            },
            "keyword": "When ",
            "BDD_STEP_UUID": "849388c7-4959-474a-ac92-9b1fbfbbc071"
          },
          {
            "result": {
              "error_message": "groovy.lang.MissingMethodException: No signature of method: calculator.StepDefinition.assertEquals() is applicable for argument types: (Long, Long) values: [1, 1]\r\n\tat org.codehaus.groovy.runtime.ScriptBytecodeAdapter.unwrap(ScriptBytecodeAdapter.java:70)\r\n\tat org.codehaus.groovy.vmplugin.v8.IndyGuardsFiltersAndSignatures.unwrap(IndyGuardsFiltersAndSignatures.java:160)\r\n\tat org.codehaus.groovy.vmplugin.v8.IndyInterface.fromCache(IndyInterface.java:318)\r\n\tat calculator.StepDefinition.iGetTheResultResultInLong(StepDefinition.groovy:138)\r\n\tat ✽.I get the result 1 in Long(C:/Users/tugia/Katalon Studio/A3-Calculator/Include/features/CAL-9 Fibonacci.feature:7)\r\n",
              "duration": 369200,
              "status": "failed"
            },
            "line": 7,
            "name": "I get the result 1 in Long",
            "match": {
              "arguments": [
                {
                  "val": "1",
                  "offset": 17
                }
              ],
              "location": "StepDefinition.iGetTheResultResultInLong(long)"
            },
            "keyword": "Then ",
            "BDD_STEP_UUID": "c52d39a1-92e8-4f94-b4f1-a69981a22127"
          }
        ]
      },
      {
        "BDD_TESTRUN_UUID": "34729445-5d62-4d54-94e8-ad524cea6c19",
        "line": 13,
        "name": "Fibonacci",
        "description": "",
        "id": "fibonacci;fibonacci;;4",
        "type": "scenario",
        "keyword": "Scenario Outline",
        "steps": [
          {
            "result": {
              "duration": 250000,
              "status": "passed"
            },
            "line": 5,
            "name": "I run the code",
            "match": {
              "location": "StepDefinition.iRunTheCode()"
            },
            "keyword": "Given ",
            "BDD_STEP_UUID": "356b2273-930e-4f02-a642-487ee6f6df5f"
          },
          {
            "result": {
              "duration": 195300,
              "status": "passed"
            },
            "line": 6,
            "name": "fibonacci number of 0",
            "match": {
              "arguments": [
                {
                  "val": "0",
                  "offset": 20
                }
              ],
              "location": "StepDefinition.fibonacci(Integer)"
            },
            "keyword": "When ",
            "BDD_STEP_UUID": "d56d157b-8ef1-4cc5-b061-08577c45f719"
          },
          {
            "result": {
              "error_message": "groovy.lang.MissingMethodException: No signature of method: calculator.StepDefinition.assertEquals() is applicable for argument types: (Long, Long) values: [0, 0]\r\n\tat org.codehaus.groovy.runtime.ScriptBytecodeAdapter.unwrap(ScriptBytecodeAdapter.java:70)\r\n\tat org.codehaus.groovy.vmplugin.v8.IndyGuardsFiltersAndSignatures.unwrap(IndyGuardsFiltersAndSignatures.java:160)\r\n\tat org.codehaus.groovy.vmplugin.v8.IndyInterface.fromCache(IndyInterface.java:318)\r\n\tat calculator.StepDefinition.iGetTheResultResultInLong(StepDefinition.groovy:138)\r\n\tat ✽.I get the result 0 in Long(C:/Users/tugia/Katalon Studio/A3-Calculator/Include/features/CAL-9 Fibonacci.feature:7)\r\n",
              "duration": 388400,
              "status": "failed"
            },
            "line": 7,
            "name": "I get the result 0 in Long",
            "match": {
              "arguments": [
                {
                  "val": "0",
                  "offset": 17
                }
              ],
              "location": "StepDefinition.iGetTheResultResultInLong(long)"
            },
            "keyword": "Then ",
            "BDD_STEP_UUID": "a6d01930-c1a9-4a6c-94a3-91510749eac8"
          }
        ]
      },
      {
        "BDD_TESTRUN_UUID": "76106d2b-e1c4-4e99-b988-4cb3a362accb",
        "line": 14,
        "name": "Fibonacci",
        "description": "",
        "id": "fibonacci;fibonacci;;5",
        "type": "scenario",
        "keyword": "Scenario Outline",
        "steps": [
          {
            "result": {
              "duration": 224900,
              "status": "passed"
            },
            "line": 5,
            "name": "I run the code",
            "match": {
              "location": "StepDefinition.iRunTheCode()"
            },
            "keyword": "Given ",
            "BDD_STEP_UUID": "305126c4-c3dd-44d3-a5d3-53e3acafa705"
          },
          {
            "result": {
              "duration": 53623961000,
              "status": "passed"
            },
            "line": 6,
            "name": "fibonacci number of 50",
            "match": {
              "arguments": [
                {
                  "val": "50",
                  "offset": 20
                }
              ],
              "location": "StepDefinition.fibonacci(Integer)"
            },
            "keyword": "When ",
            "BDD_STEP_UUID": "095b1f33-7211-4005-a5ef-5b1c1613394a"
          },
          {
            "result": {
              "error_message": "groovy.lang.MissingMethodException: No signature of method: calculator.StepDefinition.assertEquals() is applicable for argument types: (Long, Long) values: [12586269025, 12586269025]\r\n\tat org.codehaus.groovy.runtime.ScriptBytecodeAdapter.unwrap(ScriptBytecodeAdapter.java:70)\r\n\tat org.codehaus.groovy.vmplugin.v8.IndyGuardsFiltersAndSignatures.unwrap(IndyGuardsFiltersAndSignatures.java:160)\r\n\tat org.codehaus.groovy.vmplugin.v8.IndyInterface.fromCache(IndyInterface.java:318)\r\n\tat calculator.StepDefinition.iGetTheResultResultInLong(StepDefinition.groovy:138)\r\n\tat ✽.I get the result 12586269025 in Long(C:/Users/tugia/Katalon Studio/A3-Calculator/Include/features/CAL-9 Fibonacci.feature:7)\r\n",
              "duration": 479700,
              "status": "failed"
            },
            "line": 7,
            "name": "I get the result 12586269025 in Long",
            "match": {
              "arguments": [
                {
                  "val": "12586269025",
                  "offset": 17
                }
              ],
              "location": "StepDefinition.iGetTheResultResultInLong(long)"
            },
            "keyword": "Then ",
            "BDD_STEP_UUID": "f8f78655-6d27-48e1-bbed-44ccd82e0d95"
          }
        ]
      },
      {
        "BDD_TESTRUN_UUID": "df9e687e-dd37-4e28-a582-0dadaa9540a9",
        "line": 23,
        "name": "Error Fibonacci",
        "description": "",
        "id": "fibonacci;error-fibonacci;;2",
        "type": "scenario",
        "keyword": "Scenario Outline",
        "steps": [
          {
            "result": {
              "duration": 197900,
              "status": "passed"
            },
            "line": 17,
            "name": "I run the code",
            "match": {
              "location": "StepDefinition.iRunTheCode()"
            },
            "keyword": "Given ",
            "BDD_STEP_UUID": "d6c7c66a-75a4-4c02-b6a9-fc8c1c750d3b"
          },
          {
            "result": {
              "duration": 252000,
              "status": "passed"
            },
            "line": 18,
            "name": "illegal fibonacci number of -1",
            "match": {
              "arguments": [
                {
                  "val": "-1",
                  "offset": 28
                }
              ],
              "location": "StepDefinition.aIllegalFibonacci(Integer)"
            },
            "keyword": "When ",
            "BDD_STEP_UUID": "2900bdfc-f314-485f-88e4-5e4dfc4e5088"
          },
          {
            "result": {
              "error_message": "groovy.lang.MissingMethodException: No signature of method: calculator.StepDefinition.assertEquals() is applicable for argument types: (String, String) values: [Fibonacci cannot be calculated for negative numbers, Fibonacci cannot be calculated for negative numbers]\r\n\tat org.codehaus.groovy.runtime.ScriptBytecodeAdapter.unwrap(ScriptBytecodeAdapter.java:70)\r\n\tat org.codehaus.groovy.vmplugin.v8.IndyGuardsFiltersAndSignatures.unwrap(IndyGuardsFiltersAndSignatures.java:160)\r\n\tat org.codehaus.groovy.vmplugin.v8.IndyInterface.fromCache(IndyInterface.java:318)\r\n\tat calculator.StepDefinition.iGetTheException(StepDefinition.groovy:197)\r\n\tat ✽.I get the Exception \"Fibonacci cannot be calculated for negative numbers\"(C:/Users/tugia/Katalon Studio/A3-Calculator/Include/features/CAL-9 Fibonacci.feature:19)\r\n",
              "duration": 363600,
              "status": "failed"
            },
            "line": 19,
            "name": "I get the Exception \"Fibonacci cannot be calculated for negative numbers\"",
            "match": {
              "arguments": [
                {
                  "val": "\"Fibonacci cannot be calculated for negative numbers\"",
                  "offset": 20
                }
              ],
              "location": "StepDefinition.iGetTheException(String)"
            },
            "keyword": "Then ",
            "BDD_STEP_UUID": "106559d6-af91-44ab-a89b-9d0bf9824848"
          }
        ]
      }
    ],
    "name": "fibonacci",
    "description": "  I want to use add operator",
    "id": "fibonacci",
    "keyword": "Feature",
    "uri": "C:/Users/tugia/Katalon Studio/A3-Calculator/Include/features/CAL-9 Fibonacci.feature",
    "tags": []
  }
]