[
  {
    "line": 1,
    "elements": [
      {
        "BDD_TESTRUN_UUID": "d69857b5-44e0-4777-807e-f99120263582",
        "line": 11,
        "name": "Modulation",
        "description": "",
        "id": "modulus;modulation;;2",
        "type": "scenario",
        "keyword": "Scenario Outline",
        "steps": [
          {
            "result": {
              "duration": 243200,
              "status": "passed"
            },
            "line": 5,
            "name": "I run the code",
            "match": {
              "location": "StepDefinition.iRunTheCode()"
            },
            "keyword": "Given ",
            "BDD_STEP_UUID": "d0901c28-e8c0-4dfd-9d0c-e94a7aa95ba7"
          },
          {
            "result": {
              "duration": 241900,
              "status": "passed"
            },
            "line": 6,
            "name": "10 modulus 20",
            "match": {
              "arguments": [
                {
                  "val": "10",
                  "offset": 0
                },
                {
                  "val": "20",
                  "offset": 11
                }
              ],
              "location": "StepDefinition.aModulusB(Integer,Integer)"
            },
            "keyword": "When ",
            "BDD_STEP_UUID": "349cad95-5a64-41d2-9bbc-b8ffef58a9e7"
          },
          {
            "result": {
              "error_message": "groovy.lang.MissingMethodException: No signature of method: calculator.StepDefinition.assertEquals() is applicable for argument types: (Integer, Integer) values: [0, -10]\r\n\tat org.codehaus.groovy.runtime.ScriptBytecodeAdapter.unwrap(ScriptBytecodeAdapter.java:70)\r\n\tat org.codehaus.groovy.vmplugin.v8.IndyGuardsFiltersAndSignatures.unwrap(IndyGuardsFiltersAndSignatures.java:160)\r\n\tat org.codehaus.groovy.vmplugin.v8.IndyInterface.fromCache(IndyInterface.java:318)\r\n\tat calculator.StepDefinition.iGetTheResultResultInDouble(StepDefinition.groovy:123)\r\n\tat ✽.I get the result -10(C:/Users/tugia/Katalon Studio/A3-Calculator/Include/features/CAL-5 Modulus.feature:7)\r\n",
              "duration": 326800,
              "status": "failed"
            },
            "line": 7,
            "name": "I get the result -10",
            "match": {
              "arguments": [
                {
                  "val": "-10",
                  "offset": 17
                }
              ],
              "location": "StepDefinition.iGetTheResultResultInDouble(int)"
            },
            "keyword": "Then ",
            "BDD_STEP_UUID": "6a0ae658-ab77-4033-83c2-b5acb5bfa3b6"
          }
        ]
      },
      {
        "BDD_TESTRUN_UUID": "3b3d937f-0a41-4cf1-8950-18cbb08701a4",
        "line": 12,
        "name": "Modulation",
        "description": "",
        "id": "modulus;modulation;;3",
        "type": "scenario",
        "keyword": "Scenario Outline",
        "steps": [
          {
            "result": {
              "duration": 219900,
              "status": "passed"
            },
            "line": 5,
            "name": "I run the code",
            "match": {
              "location": "StepDefinition.iRunTheCode()"
            },
            "keyword": "Given ",
            "BDD_STEP_UUID": "1c2ea235-cefb-41a3-9540-5f401a029dd7"
          },
          {
            "result": {
              "duration": 432100,
              "status": "passed"
            },
            "line": 6,
            "name": "222 modulus 111",
            "match": {
              "arguments": [
                {
                  "val": "222",
                  "offset": 0
                },
                {
                  "val": "111",
                  "offset": 12
                }
              ],
              "location": "StepDefinition.aModulusB(Integer,Integer)"
            },
            "keyword": "When ",
            "BDD_STEP_UUID": "9d71f1cf-9bf2-48e6-b151-5bd28d744ef9"
          },
          {
            "result": {
              "error_message": "groovy.lang.MissingMethodException: No signature of method: calculator.StepDefinition.assertEquals() is applicable for argument types: (Integer, Integer) values: [0, 111]\r\n\tat org.codehaus.groovy.runtime.ScriptBytecodeAdapter.unwrap(ScriptBytecodeAdapter.java:70)\r\n\tat org.codehaus.groovy.vmplugin.v8.IndyGuardsFiltersAndSignatures.unwrap(IndyGuardsFiltersAndSignatures.java:160)\r\n\tat org.codehaus.groovy.vmplugin.v8.IndyInterface.fromCache(IndyInterface.java:318)\r\n\tat calculator.StepDefinition.iGetTheResultResultInDouble(StepDefinition.groovy:123)\r\n\tat ✽.I get the result 111(C:/Users/tugia/Katalon Studio/A3-Calculator/Include/features/CAL-5 Modulus.feature:7)\r\n",
              "duration": 341400,
              "status": "failed"
            },
            "line": 7,
            "name": "I get the result 111",
            "match": {
              "arguments": [
                {
                  "val": "111",
                  "offset": 17
                }
              ],
              "location": "StepDefinition.iGetTheResultResultInDouble(int)"
            },
            "keyword": "Then ",
            "BDD_STEP_UUID": "205afdda-f224-4791-91bb-e2365734c66a"
          }
        ]
      },
      {
        "BDD_TESTRUN_UUID": "bef7a8f3-bd7f-4a5b-95db-716bdfd5d21e",
        "line": 21,
        "name": "Illegal Modulation",
        "description": "",
        "id": "modulus;illegal-modulation;;2",
        "type": "scenario",
        "keyword": "Scenario Outline",
        "steps": [
          {
            "result": {
              "duration": 241100,
              "status": "passed"
            },
            "line": 15,
            "name": "I run the code",
            "match": {
              "location": "StepDefinition.iRunTheCode()"
            },
            "keyword": "Given ",
            "BDD_STEP_UUID": "c1fd4e93-c984-405c-aba0-78e34055c90d"
          },
          {
            "result": {
              "duration": 314900,
              "status": "passed"
            },
            "line": 16,
            "name": "10 illegal modulus 0",
            "match": {
              "arguments": [
                {
                  "val": "10",
                  "offset": 0
                },
                {
                  "val": "0",
                  "offset": 19
                }
              ],
              "location": "StepDefinition.aIllegalModulusB(Integer,Integer)"
            },
            "keyword": "When ",
            "BDD_STEP_UUID": "df7a503a-1007-4684-8f72-bcfcc35c0563"
          },
          {
            "result": {
              "error_message": "groovy.lang.MissingMethodException: No signature of method: calculator.StepDefinition.assertEquals() is applicable for argument types: (String, String) values: [Modular cannot be zero, Modular cannot be zero]\r\n\tat org.codehaus.groovy.runtime.ScriptBytecodeAdapter.unwrap(ScriptBytecodeAdapter.java:70)\r\n\tat org.codehaus.groovy.vmplugin.v8.IndyGuardsFiltersAndSignatures.unwrap(IndyGuardsFiltersAndSignatures.java:160)\r\n\tat org.codehaus.groovy.vmplugin.v8.IndyInterface.fromCache(IndyInterface.java:318)\r\n\tat calculator.StepDefinition.iGetTheException(StepDefinition.groovy:197)\r\n\tat ✽.I get the Exception \"Modular cannot be zero\"(C:/Users/tugia/Katalon Studio/A3-Calculator/Include/features/CAL-5 Modulus.feature:17)\r\n",
              "duration": 422100,
              "status": "failed"
            },
            "line": 17,
            "name": "I get the Exception \"Modular cannot be zero\"",
            "match": {
              "arguments": [
                {
                  "val": "\"Modular cannot be zero\"",
                  "offset": 20
                }
              ],
              "location": "StepDefinition.iGetTheException(String)"
            },
            "keyword": "Then ",
            "BDD_STEP_UUID": "09685863-7b70-452b-8f49-03c2bc272974"
          }
        ]
      }
    ],
    "name": "modulus",
    "description": "  I want to use modulus operator",
    "id": "modulus",
    "keyword": "Feature",
    "uri": "C:/Users/tugia/Katalon Studio/A3-Calculator/Include/features/CAL-5 Modulus.feature",
    "tags": []
  }
]