[
  {
    "line": 1,
    "elements": [
      {
        "BDD_TESTRUN_UUID": "8ea412b9-7121-4d49-aecc-db20c7e7635d",
        "line": 11,
        "name": "Division",
        "description": "",
        "id": "divide;division;;2",
        "type": "scenario",
        "keyword": "Scenario Outline",
        "steps": [
          {
            "result": {
              "duration": 397900,
              "status": "passed"
            },
            "line": 5,
            "name": "I run the code",
            "match": {
              "location": "StepDefinition.iRunTheCode()"
            },
            "keyword": "Given ",
            "BDD_STEP_UUID": "a94fe165-4d6b-4a0e-b1a9-1958abc6fc07"
          },
          {
            "result": {
              "duration": 2240700,
              "status": "passed"
            },
            "line": 6,
            "name": "10 divide 20",
            "match": {
              "arguments": [
                {
                  "val": "10",
                  "offset": 0
                },
                {
                  "val": "20",
                  "offset": 10
                }
              ],
              "location": "StepDefinition.divide(Integer,Integer)"
            },
            "keyword": "When ",
            "BDD_STEP_UUID": "304b0e30-26a1-46e6-9d7b-5afc25bbf9ab"
          },
          {
            "result": {
              "error_message": "groovy.lang.MissingMethodException: No signature of method: calculator.StepDefinition.assertEquals() is applicable for argument types: (Double, Double, BigDecimal) values: [0.5, 0.5, 0.1]\r\n\tat org.codehaus.groovy.runtime.ScriptBytecodeAdapter.unwrap(ScriptBytecodeAdapter.java:70)\r\n\tat org.codehaus.groovy.vmplugin.v8.IndyGuardsFiltersAndSignatures.unwrap(IndyGuardsFiltersAndSignatures.java:160)\r\n\tat org.codehaus.groovy.vmplugin.v8.IndyInterface.fromCache(IndyInterface.java:318)\r\n\tat calculator.StepDefinition.iGetTheResultResultInDouble(StepDefinition.groovy:128)\r\n\tat ✽.I get the result 0.5 in Double(C:/Users/tugia/Katalon Studio/A3-Calculator/Include/features/CAL-4 Divide.feature:7)\r\n",
              "duration": 6459300,
              "status": "failed"
            },
            "line": 7,
            "name": "I get the result 0.5 in Double",
            "match": {
              "arguments": [
                {
                  "val": "0.5",
                  "offset": 17
                }
              ],
              "location": "StepDefinition.iGetTheResultResultInDouble(double)"
            },
            "keyword": "Then ",
            "BDD_STEP_UUID": "0c9cf9fb-0c09-4a7f-a132-f8afdd8e4961"
          }
        ]
      },
      {
        "BDD_TESTRUN_UUID": "b8962dda-74ac-4e74-a3f2-37a334b1d965",
        "line": 12,
        "name": "Division",
        "description": "",
        "id": "divide;division;;3",
        "type": "scenario",
        "keyword": "Scenario Outline",
        "steps": [
          {
            "result": {
              "duration": 345200,
              "status": "passed"
            },
            "line": 5,
            "name": "I run the code",
            "match": {
              "location": "StepDefinition.iRunTheCode()"
            },
            "keyword": "Given ",
            "BDD_STEP_UUID": "5ec95ba6-af13-44e5-9a56-6b9120ddcae4"
          },
          {
            "result": {
              "duration": 321900,
              "status": "passed"
            },
            "line": 6,
            "name": "222 divide 111",
            "match": {
              "arguments": [
                {
                  "val": "222",
                  "offset": 0
                },
                {
                  "val": "111",
                  "offset": 11
                }
              ],
              "location": "StepDefinition.divide(Integer,Integer)"
            },
            "keyword": "When ",
            "BDD_STEP_UUID": "8566ddcc-56e3-4c3b-ae14-52fba4db7027"
          },
          {
            "result": {
              "status": "undefined"
            },
            "line": 7,
            "name": "I get the result 2 in Double",
            "match": {},
            "keyword": "Then ",
            "BDD_STEP_UUID": "64ad820e-1171-4940-8829-2925b93ca362"
          }
        ]
      },
      {
        "BDD_TESTRUN_UUID": "d63921c4-f972-4bc6-852d-8d4cf7945040",
        "line": 13,
        "name": "Division",
        "description": "",
        "id": "divide;division;;4",
        "type": "scenario",
        "keyword": "Scenario Outline",
        "steps": [
          {
            "result": {
              "duration": 304500,
              "status": "passed"
            },
            "line": 5,
            "name": "I run the code",
            "match": {
              "location": "StepDefinition.iRunTheCode()"
            },
            "keyword": "Given ",
            "BDD_STEP_UUID": "00ae6e6b-b1d5-4915-a3d7-65c18b9018a9"
          },
          {
            "result": {
              "duration": 297300,
              "status": "passed"
            },
            "line": 6,
            "name": "132 divide 1",
            "match": {
              "arguments": [
                {
                  "val": "132",
                  "offset": 0
                },
                {
                  "val": "1",
                  "offset": 11
                }
              ],
              "location": "StepDefinition.divide(Integer,Integer)"
            },
            "keyword": "When ",
            "BDD_STEP_UUID": "42408dba-6931-4662-b924-6a8be5ed4888"
          },
          {
            "result": {
              "status": "undefined"
            },
            "line": 7,
            "name": "I get the result 132 in Double",
            "match": {},
            "keyword": "Then ",
            "BDD_STEP_UUID": "d14c074d-7dda-4ce6-8baf-c1b420848464"
          }
        ]
      },
      {
        "BDD_TESTRUN_UUID": "21712f6f-c135-463e-b162-19a28efcbe17",
        "line": 22,
        "name": "Illegal Division",
        "description": "",
        "id": "divide;illegal-division;;2",
        "type": "scenario",
        "keyword": "Scenario Outline",
        "steps": [
          {
            "result": {
              "duration": 402000,
              "status": "passed"
            },
            "line": 16,
            "name": "I run the code",
            "match": {
              "location": "StepDefinition.iRunTheCode()"
            },
            "keyword": "Given ",
            "BDD_STEP_UUID": "89ceb949-0121-4613-b86a-896a5e475a5b"
          },
          {
            "result": {
              "duration": 13076600,
              "status": "passed"
            },
            "line": 17,
            "name": "10 illegal divide 0",
            "match": {
              "arguments": [
                {
                  "val": "10",
                  "offset": 0
                },
                {
                  "val": "0",
                  "offset": 18
                }
              ],
              "location": "StepDefinition.aIllegalDivideB(Integer,Integer)"
            },
            "keyword": "When ",
            "BDD_STEP_UUID": "ff1b9dac-ed79-4b26-95ff-7d44feaca678"
          },
          {
            "result": {
              "error_message": "groovy.lang.MissingMethodException: No signature of method: calculator.StepDefinition.assertEquals() is applicable for argument types: (String, String) values: [Divisor cannot be zero, Divisor cannot be zero]\r\n\tat org.codehaus.groovy.runtime.ScriptBytecodeAdapter.unwrap(ScriptBytecodeAdapter.java:70)\r\n\tat org.codehaus.groovy.vmplugin.v8.IndyGuardsFiltersAndSignatures.unwrap(IndyGuardsFiltersAndSignatures.java:160)\r\n\tat org.codehaus.groovy.vmplugin.v8.IndyInterface.fromCache(IndyInterface.java:318)\r\n\tat calculator.StepDefinition.iGetTheException(StepDefinition.groovy:197)\r\n\tat ✽.I get the Exception \"Divisor cannot be zero\"(C:/Users/tugia/Katalon Studio/A3-Calculator/Include/features/CAL-4 Divide.feature:18)\r\n",
              "duration": 828600,
              "status": "failed"
            },
            "line": 18,
            "name": "I get the Exception \"Divisor cannot be zero\"",
            "match": {
              "arguments": [
                {
                  "val": "\"Divisor cannot be zero\"",
                  "offset": 20
                }
              ],
              "location": "StepDefinition.iGetTheException(String)"
            },
            "keyword": "Then ",
            "BDD_STEP_UUID": "de2428dd-6c89-425a-ab8a-8b4191a91cc7"
          }
        ]
      }
    ],
    "name": "divide",
    "description": "  I want to use divide operator",
    "id": "divide",
    "keyword": "Feature",
    "uri": "C:/Users/tugia/Katalon Studio/A3-Calculator/Include/features/CAL-4 Divide.feature",
    "tags": []
  }
]