[
  {
    "line": 1,
    "elements": [
      {
        "BDD_TESTRUN_UUID": "fa701e85-ba35-40f2-abd9-902dd93b9e98",
        "line": 11,
        "name": "Multiplication",
        "description": "",
        "id": "multiply;multiplication;;2",
        "type": "scenario",
        "keyword": "Scenario Outline",
        "steps": [
          {
            "result": {
              "duration": 581200,
              "status": "passed"
            },
            "line": 5,
            "name": "I run the code",
            "match": {
              "location": "StepDefinition.iRunTheCode()"
            },
            "keyword": "Given ",
            "BDD_STEP_UUID": "c8175fe1-40f9-41fc-ad7b-da3228e9574b"
          },
          {
            "result": {
              "duration": 402300,
              "status": "passed"
            },
            "line": 6,
            "name": "10 multiply 20",
            "match": {
              "arguments": [
                {
                  "val": "10",
                  "offset": 0
                },
                {
                  "val": "20",
                  "offset": 12
                }
              ],
              "location": "StepDefinition.multiply(Integer,Integer)"
            },
            "keyword": "When ",
            "BDD_STEP_UUID": "e352208b-42c5-47a9-a2f8-eef3096238ee"
          },
          {
            "result": {
              "error_message": "groovy.lang.MissingMethodException: No signature of method: calculator.StepDefinition.assertEquals() is applicable for argument types: (Long, Long) values: [200, 200]\r\n\tat org.codehaus.groovy.runtime.ScriptBytecodeAdapter.unwrap(ScriptBytecodeAdapter.java:70)\r\n\tat org.codehaus.groovy.vmplugin.v8.IndyGuardsFiltersAndSignatures.unwrap(IndyGuardsFiltersAndSignatures.java:160)\r\n\tat org.codehaus.groovy.vmplugin.v8.IndyInterface.fromCache(IndyInterface.java:318)\r\n\tat calculator.StepDefinition.iGetTheResultResultInLong(StepDefinition.groovy:138)\r\n\tat ✽.I get the result 200 in Long(C:/Users/tugia/Katalon Studio/A3-Calculator/Include/features/CAL-3 Multiply.feature:7)\r\n",
              "duration": 604800,
              "status": "failed"
            },
            "line": 7,
            "name": "I get the result 200 in Long",
            "match": {
              "arguments": [
                {
                  "val": "200",
                  "offset": 17
                }
              ],
              "location": "StepDefinition.iGetTheResultResultInLong(long)"
            },
            "keyword": "Then ",
            "BDD_STEP_UUID": "9f8af767-eba8-4b8f-a304-e1d6eaa7f152"
          }
        ]
      },
      {
        "BDD_TESTRUN_UUID": "1ba61332-19ab-4d85-af4e-204cab951643",
        "line": 12,
        "name": "Multiplication",
        "description": "",
        "id": "multiply;multiplication;;3",
        "type": "scenario",
        "keyword": "Scenario Outline",
        "steps": [
          {
            "result": {
              "duration": 433000,
              "status": "passed"
            },
            "line": 5,
            "name": "I run the code",
            "match": {
              "location": "StepDefinition.iRunTheCode()"
            },
            "keyword": "Given ",
            "BDD_STEP_UUID": "d2a4d6e1-7a39-4785-8ba3-a3c9176503fa"
          },
          {
            "result": {
              "duration": 832800,
              "status": "passed"
            },
            "line": 6,
            "name": "92 multiply -19",
            "match": {
              "arguments": [
                {
                  "val": "92",
                  "offset": 0
                },
                {
                  "val": "-19",
                  "offset": 12
                }
              ],
              "location": "StepDefinition.multiply(Integer,Integer)"
            },
            "keyword": "When ",
            "BDD_STEP_UUID": "3b6fb356-ac52-42b7-ac42-61124c98af8e"
          },
          {
            "result": {
              "error_message": "groovy.lang.MissingMethodException: No signature of method: calculator.StepDefinition.assertEquals() is applicable for argument types: (Long, Long) values: [-1748, -1748]\r\n\tat org.codehaus.groovy.runtime.ScriptBytecodeAdapter.unwrap(ScriptBytecodeAdapter.java:70)\r\n\tat org.codehaus.groovy.vmplugin.v8.IndyGuardsFiltersAndSignatures.unwrap(IndyGuardsFiltersAndSignatures.java:160)\r\n\tat org.codehaus.groovy.vmplugin.v8.IndyInterface.fromCache(IndyInterface.java:318)\r\n\tat calculator.StepDefinition.iGetTheResultResultInLong(StepDefinition.groovy:138)\r\n\tat ✽.I get the result -1748 in Long(C:/Users/tugia/Katalon Studio/A3-Calculator/Include/features/CAL-3 Multiply.feature:7)\r\n",
              "duration": 695900,
              "status": "failed"
            },
            "line": 7,
            "name": "I get the result -1748 in Long",
            "match": {
              "arguments": [
                {
                  "val": "-1748",
                  "offset": 17
                }
              ],
              "location": "StepDefinition.iGetTheResultResultInLong(long)"
            },
            "keyword": "Then ",
            "BDD_STEP_UUID": "ef4bf41d-85e1-47ad-bff2-7793c590f93b"
          }
        ]
      },
      {
        "BDD_TESTRUN_UUID": "e18d7933-2871-4a7d-9b31-25adb0481c04",
        "line": 13,
        "name": "Multiplication",
        "description": "",
        "id": "multiply;multiplication;;4",
        "type": "scenario",
        "keyword": "Scenario Outline",
        "steps": [
          {
            "result": {
              "duration": 798700,
              "status": "passed"
            },
            "line": 5,
            "name": "I run the code",
            "match": {
              "location": "StepDefinition.iRunTheCode()"
            },
            "keyword": "Given ",
            "BDD_STEP_UUID": "69c63160-e39f-44d8-b5ce-0aaf4890b278"
          },
          {
            "result": {
              "duration": 705700,
              "status": "passed"
            },
            "line": 6,
            "name": "12 multiply -19",
            "match": {
              "arguments": [
                {
                  "val": "12",
                  "offset": 0
                },
                {
                  "val": "-19",
                  "offset": 12
                }
              ],
              "location": "StepDefinition.multiply(Integer,Integer)"
            },
            "keyword": "When ",
            "BDD_STEP_UUID": "3e370993-b617-4556-ac63-4b9f7a45e57b"
          },
          {
            "result": {
              "error_message": "groovy.lang.MissingMethodException: No signature of method: calculator.StepDefinition.assertEquals() is applicable for argument types: (Long, Long) values: [-228, -228]\r\n\tat org.codehaus.groovy.runtime.ScriptBytecodeAdapter.unwrap(ScriptBytecodeAdapter.java:70)\r\n\tat org.codehaus.groovy.vmplugin.v8.IndyGuardsFiltersAndSignatures.unwrap(IndyGuardsFiltersAndSignatures.java:160)\r\n\tat org.codehaus.groovy.vmplugin.v8.IndyInterface.fromCache(IndyInterface.java:318)\r\n\tat calculator.StepDefinition.iGetTheResultResultInLong(StepDefinition.groovy:138)\r\n\tat ✽.I get the result -228 in Long(C:/Users/tugia/Katalon Studio/A3-Calculator/Include/features/CAL-3 Multiply.feature:7)\r\n",
              "duration": 821700,
              "status": "failed"
            },
            "line": 7,
            "name": "I get the result -228 in Long",
            "match": {
              "arguments": [
                {
                  "val": "-228",
                  "offset": 17
                }
              ],
              "location": "StepDefinition.iGetTheResultResultInLong(long)"
            },
            "keyword": "Then ",
            "BDD_STEP_UUID": "835c63a1-9140-4c64-97cb-511d71f35757"
          }
        ]
      }
    ],
    "name": "multiply",
    "description": "  I want to use multiply operator",
    "id": "multiply",
    "keyword": "Feature",
    "uri": "C:/Users/tugia/Katalon Studio/A3-Calculator/Include/features/CAL-3 Multiply.feature",
    "tags": []
  }
]