[
  {
    "line": 1,
    "elements": [
      {
        "line": 11,
        "name": "Fibonacci",
        "description": "",
        "id": "fibonacci;fibonacci;;2",
        "type": "scenario",
        "keyword": "Scenario Outline",
        "steps": [
          {
            "result": {
              "duration": 257400,
              "status": "passed"
            },
            "line": 5,
            "name": "I run the code",
            "match": {
              "location": "StepDefinition.iRunTheCode()"
            },
            "keyword": "Given "
          },
          {
            "result": {
              "duration": 1764100,
              "status": "passed"
            },
            "line": 6,
            "name": "fibonacci number of 15",
            "match": {
              "arguments": [
                {
                  "val": "15",
                  "offset": 20
                }
              ],
              "location": "StepDefinition.fibonacci(Integer)"
            },
            "keyword": "When "
          },
          {
            "result": {
              "duration": 238500,
              "status": "passed"
            },
            "line": 7,
            "name": "I get the result 610 in Long",
            "match": {
              "arguments": [
                {
                  "val": "610",
                  "offset": 17
                }
              ],
              "location": "StepDefinition.iGetTheResultResultInLong(long)"
            },
            "keyword": "Then "
          }
        ]
      },
      {
        "line": 12,
        "name": "Fibonacci",
        "description": "",
        "id": "fibonacci;fibonacci;;3",
        "type": "scenario",
        "keyword": "Scenario Outline",
        "steps": [
          {
            "result": {
              "duration": 256900,
              "status": "passed"
            },
            "line": 5,
            "name": "I run the code",
            "match": {
              "location": "StepDefinition.iRunTheCode()"
            },
            "keyword": "Given "
          },
          {
            "result": {
              "duration": 232400,
              "status": "passed"
            },
            "line": 6,
            "name": "fibonacci number of 1",
            "match": {
              "arguments": [
                {
                  "val": "1",
                  "offset": 20
                }
              ],
              "location": "StepDefinition.fibonacci(Integer)"
            },
            "keyword": "When "
          },
          {
            "result": {
              "duration": 222800,
              "status": "passed"
            },
            "line": 7,
            "name": "I get the result 1 in Long",
            "match": {
              "arguments": [
                {
                  "val": "1",
                  "offset": 17
                }
              ],
              "location": "StepDefinition.iGetTheResultResultInLong(long)"
            },
            "keyword": "Then "
          }
        ]
      },
      {
        "line": 13,
        "name": "Fibonacci",
        "description": "",
        "id": "fibonacci;fibonacci;;4",
        "type": "scenario",
        "keyword": "Scenario Outline",
        "steps": [
          {
            "result": {
              "duration": 250400,
              "status": "passed"
            },
            "line": 5,
            "name": "I run the code",
            "match": {
              "location": "StepDefinition.iRunTheCode()"
            },
            "keyword": "Given "
          },
          {
            "result": {
              "duration": 276900,
              "status": "passed"
            },
            "line": 6,
            "name": "fibonacci number of 0",
            "match": {
              "arguments": [
                {
                  "val": "0",
                  "offset": 20
                }
              ],
              "location": "StepDefinition.fibonacci(Integer)"
            },
            "keyword": "When "
          },
          {
            "result": {
              "duration": 241300,
              "status": "passed"
            },
            "line": 7,
            "name": "I get the result 0 in Long",
            "match": {
              "arguments": [
                {
                  "val": "0",
                  "offset": 17
                }
              ],
              "location": "StepDefinition.iGetTheResultResultInLong(long)"
            },
            "keyword": "Then "
          }
        ]
      },
      {
        "line": 14,
        "name": "Fibonacci",
        "description": "",
        "id": "fibonacci;fibonacci;;5",
        "type": "scenario",
        "keyword": "Scenario Outline",
        "steps": [
          {
            "result": {
              "duration": 229200,
              "status": "passed"
            },
            "line": 5,
            "name": "I run the code",
            "match": {
              "location": "StepDefinition.iRunTheCode()"
            },
            "keyword": "Given "
          },
          {
            "result": {
              "duration": 50078084600,
              "status": "passed"
            },
            "line": 6,
            "name": "fibonacci number of 50",
            "match": {
              "arguments": [
                {
                  "val": "50",
                  "offset": 20
                }
              ],
              "location": "StepDefinition.fibonacci(Integer)"
            },
            "keyword": "When "
          },
          {
            "result": {
              "duration": 332700,
              "status": "passed"
            },
            "line": 7,
            "name": "I get the result 12586269025 in Long",
            "match": {
              "arguments": [
                {
                  "val": "12586269025",
                  "offset": 17
                }
              ],
              "location": "StepDefinition.iGetTheResultResultInLong(long)"
            },
            "keyword": "Then "
          }
        ]
      },
      {
        "line": 23,
        "name": "Error Fibonacci",
        "description": "",
        "id": "fibonacci;error-fibonacci;;2",
        "type": "scenario",
        "keyword": "Scenario Outline",
        "steps": [
          {
            "result": {
              "duration": 236400,
              "status": "passed"
            },
            "line": 17,
            "name": "I run the code",
            "match": {
              "location": "StepDefinition.iRunTheCode()"
            },
            "keyword": "Given "
          },
          {
            "result": {
              "duration": 696100,
              "status": "passed"
            },
            "line": 18,
            "name": "illegal fibonacci number of -1",
            "match": {
              "arguments": [
                {
                  "val": "-1",
                  "offset": 28
                }
              ],
              "location": "StepDefinition.aIllegalFibonacci(Integer)"
            },
            "keyword": "When "
          },
          {
            "result": {
              "duration": 205800,
              "status": "passed"
            },
            "line": 19,
            "name": "I get the Exception \"Fibonacci cannot be calculated for negative numbers\"",
            "match": {
              "arguments": [
                {
                  "val": "\"Fibonacci cannot be calculated for negative numbers\"",
                  "offset": 20
                }
              ],
              "location": "StepDefinition.iGetTheException(String)"
            },
            "keyword": "Then "
          }
        ]
      }
    ],
    "name": "fibonacci",
    "description": "  I want to use add operator",
    "id": "fibonacci",
    "keyword": "Feature",
    "uri": "C:/Users/tugia/Katalon Studio/A3-Calculator/Include/features/CAL-9 Fibonacci.feature",
    "tags": []
  }
]