[
  {
    "line": 1,
    "elements": [
      {
        "BDD_TESTRUN_UUID": "156f3656-6222-4c55-94de-19c955e4bb27",
        "line": 11,
        "name": "Fibonacci",
        "description": "",
        "id": "fibonacci;fibonacci;;2",
        "type": "scenario",
        "keyword": "Scenario Outline",
        "steps": [
          {
            "result": {
              "duration": 257400,
              "status": "passed"
            },
            "line": 5,
            "name": "I run the code",
            "match": {
              "location": "StepDefinition.iRunTheCode()"
            },
            "keyword": "Given ",
            "BDD_STEP_UUID": "177efd06-8efc-4657-8909-69e63a4340a2"
          },
          {
            "result": {
              "duration": 1764100,
              "status": "passed"
            },
            "line": 6,
            "name": "fibonacci number of 15",
            "match": {
              "arguments": [
                {
                  "val": "15",
                  "offset": 20
                }
              ],
              "location": "StepDefinition.fibonacci(Integer)"
            },
            "keyword": "When ",
            "BDD_STEP_UUID": "285c3526-9667-4c77-8775-d681af385754"
          },
          {
            "result": {
              "duration": 238500,
              "status": "passed"
            },
            "line": 7,
            "name": "I get the result 610 in Long",
            "match": {
              "arguments": [
                {
                  "val": "610",
                  "offset": 17
                }
              ],
              "location": "StepDefinition.iGetTheResultResultInLong(long)"
            },
            "keyword": "Then ",
            "BDD_STEP_UUID": "f870bd56-b382-4c3c-aff2-10800debf97d"
          }
        ]
      },
      {
        "BDD_TESTRUN_UUID": "0c161636-fec8-427e-b079-a8bd470d4505",
        "line": 12,
        "name": "Fibonacci",
        "description": "",
        "id": "fibonacci;fibonacci;;3",
        "type": "scenario",
        "keyword": "Scenario Outline",
        "steps": [
          {
            "result": {
              "duration": 256900,
              "status": "passed"
            },
            "line": 5,
            "name": "I run the code",
            "match": {
              "location": "StepDefinition.iRunTheCode()"
            },
            "keyword": "Given ",
            "BDD_STEP_UUID": "ef31c7be-4a08-45a0-9905-26758e07b7e1"
          },
          {
            "result": {
              "duration": 232400,
              "status": "passed"
            },
            "line": 6,
            "name": "fibonacci number of 1",
            "match": {
              "arguments": [
                {
                  "val": "1",
                  "offset": 20
                }
              ],
              "location": "StepDefinition.fibonacci(Integer)"
            },
            "keyword": "When ",
            "BDD_STEP_UUID": "2db84f02-b4fc-4db1-8a20-111ae814c4d7"
          },
          {
            "result": {
              "duration": 222800,
              "status": "passed"
            },
            "line": 7,
            "name": "I get the result 1 in Long",
            "match": {
              "arguments": [
                {
                  "val": "1",
                  "offset": 17
                }
              ],
              "location": "StepDefinition.iGetTheResultResultInLong(long)"
            },
            "keyword": "Then ",
            "BDD_STEP_UUID": "12ee7457-659b-48b4-813e-50674176877b"
          }
        ]
      },
      {
        "BDD_TESTRUN_UUID": "b81d805c-5c3a-43f7-8ee8-379478bec6e9",
        "line": 13,
        "name": "Fibonacci",
        "description": "",
        "id": "fibonacci;fibonacci;;4",
        "type": "scenario",
        "keyword": "Scenario Outline",
        "steps": [
          {
            "result": {
              "duration": 250400,
              "status": "passed"
            },
            "line": 5,
            "name": "I run the code",
            "match": {
              "location": "StepDefinition.iRunTheCode()"
            },
            "keyword": "Given ",
            "BDD_STEP_UUID": "ac9d36e2-16e3-4a17-bb52-735cdc594b2a"
          },
          {
            "result": {
              "duration": 276900,
              "status": "passed"
            },
            "line": 6,
            "name": "fibonacci number of 0",
            "match": {
              "arguments": [
                {
                  "val": "0",
                  "offset": 20
                }
              ],
              "location": "StepDefinition.fibonacci(Integer)"
            },
            "keyword": "When ",
            "BDD_STEP_UUID": "9d56b27c-6281-47a3-9409-754a7d17d030"
          },
          {
            "result": {
              "duration": 241300,
              "status": "passed"
            },
            "line": 7,
            "name": "I get the result 0 in Long",
            "match": {
              "arguments": [
                {
                  "val": "0",
                  "offset": 17
                }
              ],
              "location": "StepDefinition.iGetTheResultResultInLong(long)"
            },
            "keyword": "Then ",
            "BDD_STEP_UUID": "45482195-9bc4-4c67-bbc4-c4d561446fe4"
          }
        ]
      },
      {
        "BDD_TESTRUN_UUID": "d95d2560-85b5-487d-9f9a-1f0c3de95136",
        "line": 14,
        "name": "Fibonacci",
        "description": "",
        "id": "fibonacci;fibonacci;;5",
        "type": "scenario",
        "keyword": "Scenario Outline",
        "steps": [
          {
            "result": {
              "duration": 229200,
              "status": "passed"
            },
            "line": 5,
            "name": "I run the code",
            "match": {
              "location": "StepDefinition.iRunTheCode()"
            },
            "keyword": "Given ",
            "BDD_STEP_UUID": "c79b8c3d-b7dc-4dce-bf24-5302ab155e93"
          },
          {
            "result": {
              "duration": 50078084600,
              "status": "passed"
            },
            "line": 6,
            "name": "fibonacci number of 50",
            "match": {
              "arguments": [
                {
                  "val": "50",
                  "offset": 20
                }
              ],
              "location": "StepDefinition.fibonacci(Integer)"
            },
            "keyword": "When ",
            "BDD_STEP_UUID": "1b86dd3a-c7af-401d-95bf-d84e0af39453"
          },
          {
            "result": {
              "duration": 332700,
              "status": "passed"
            },
            "line": 7,
            "name": "I get the result 12586269025 in Long",
            "match": {
              "arguments": [
                {
                  "val": "12586269025",
                  "offset": 17
                }
              ],
              "location": "StepDefinition.iGetTheResultResultInLong(long)"
            },
            "keyword": "Then ",
            "BDD_STEP_UUID": "717e440c-d7df-4dd2-9457-7f0b72f5c4bc"
          }
        ]
      },
      {
        "BDD_TESTRUN_UUID": "2172cc1c-939b-4c9b-860b-71389fca9ef3",
        "line": 23,
        "name": "Error Fibonacci",
        "description": "",
        "id": "fibonacci;error-fibonacci;;2",
        "type": "scenario",
        "keyword": "Scenario Outline",
        "steps": [
          {
            "result": {
              "duration": 236400,
              "status": "passed"
            },
            "line": 17,
            "name": "I run the code",
            "match": {
              "location": "StepDefinition.iRunTheCode()"
            },
            "keyword": "Given ",
            "BDD_STEP_UUID": "d7b326cb-b991-4307-b4c4-639af15aab0d"
          },
          {
            "result": {
              "duration": 696100,
              "status": "passed"
            },
            "line": 18,
            "name": "illegal fibonacci number of -1",
            "match": {
              "arguments": [
                {
                  "val": "-1",
                  "offset": 28
                }
              ],
              "location": "StepDefinition.aIllegalFibonacci(Integer)"
            },
            "keyword": "When ",
            "BDD_STEP_UUID": "7c1b2992-3dfa-4c63-a39c-6c61235eba26"
          },
          {
            "result": {
              "duration": 205800,
              "status": "passed"
            },
            "line": 19,
            "name": "I get the Exception \"Fibonacci cannot be calculated for negative numbers\"",
            "match": {
              "arguments": [
                {
                  "val": "\"Fibonacci cannot be calculated for negative numbers\"",
                  "offset": 20
                }
              ],
              "location": "StepDefinition.iGetTheException(String)"
            },
            "keyword": "Then ",
            "BDD_STEP_UUID": "f2e3118f-5b80-4a4b-8eb2-eb720be14231"
          }
        ]
      }
    ],
    "name": "fibonacci",
    "description": "  I want to use add operator",
    "id": "fibonacci",
    "keyword": "Feature",
    "uri": "C:/Users/tugia/Katalon Studio/A3-Calculator/Include/features/CAL-9 Fibonacci.feature",
    "tags": []
  }
]