[
  {
    "line": 1,
    "elements": [
      {
        "BDD_TESTRUN_UUID": "85470427-0c57-48b2-82c4-1649f7bdf144",
        "line": 11,
        "name": "LCM",
        "description": "",
        "id": "lcm;lcm;;2",
        "type": "scenario",
        "keyword": "Scenario Outline",
        "steps": [
          {
            "result": {
              "duration": 460400,
              "status": "passed"
            },
            "line": 5,
            "name": "I run the code",
            "match": {
              "location": "StepDefinition.iRunTheCode()"
            },
            "keyword": "Given ",
            "BDD_STEP_UUID": "841f423a-552f-480d-9355-183a55070d30"
          },
          {
            "result": {
              "duration": 915800,
              "status": "passed"
            },
            "line": 6,
            "name": "4 lcm 6",
            "match": {
              "arguments": [
                {
                  "val": "4",
                  "offset": 0
                },
                {
                  "val": "6",
                  "offset": 6
                }
              ],
              "location": "StepDefinition.lcm(Integer,Integer)"
            },
            "keyword": "When ",
            "BDD_STEP_UUID": "eb80d876-d3f8-4bcb-95fa-6e761ff81988"
          },
          {
            "result": {
              "error_message": "groovy.lang.MissingMethodException: No signature of method: calculator.StepDefinition.assertEquals() is applicable for argument types: (Integer, Integer) values: [12, 12]\r\n\tat org.codehaus.groovy.runtime.ScriptBytecodeAdapter.unwrap(ScriptBytecodeAdapter.java:70)\r\n\tat org.codehaus.groovy.vmplugin.v8.IndyGuardsFiltersAndSignatures.unwrap(IndyGuardsFiltersAndSignatures.java:160)\r\n\tat org.codehaus.groovy.vmplugin.v8.IndyInterface.fromCache(IndyInterface.java:318)\r\n\tat calculator.StepDefinition.iGetTheResultResultInDouble(StepDefinition.groovy:123)\r\n\tat ✽.I get the result 12(C:/Users/tugia/Katalon Studio/A3-Calculator/Include/features/CAL-8 LCM.feature:7)\r\n",
              "duration": 633600,
              "status": "failed"
            },
            "line": 7,
            "name": "I get the result 12",
            "match": {
              "arguments": [
                {
                  "val": "12",
                  "offset": 17
                }
              ],
              "location": "StepDefinition.iGetTheResultResultInDouble(int)"
            },
            "keyword": "Then ",
            "BDD_STEP_UUID": "e1eaa962-124a-45a6-8920-7b53b388f41e"
          }
        ]
      },
      {
        "BDD_TESTRUN_UUID": "0b61fedc-948f-4307-90f5-6187ac994e82",
        "line": 12,
        "name": "LCM",
        "description": "",
        "id": "lcm;lcm;;3",
        "type": "scenario",
        "keyword": "Scenario Outline",
        "steps": [
          {
            "result": {
              "duration": 253300,
              "status": "passed"
            },
            "line": 5,
            "name": "I run the code",
            "match": {
              "location": "StepDefinition.iRunTheCode()"
            },
            "keyword": "Given ",
            "BDD_STEP_UUID": "842730b2-bcb9-4399-837a-6b53b2ed4bee"
          },
          {
            "result": {
              "duration": 241300,
              "status": "passed"
            },
            "line": 6,
            "name": "222 lcm 111",
            "match": {
              "arguments": [
                {
                  "val": "222",
                  "offset": 0
                },
                {
                  "val": "111",
                  "offset": 8
                }
              ],
              "location": "StepDefinition.lcm(Integer,Integer)"
            },
            "keyword": "When ",
            "BDD_STEP_UUID": "fb65291b-81b9-491b-93d1-e77cdfbe1193"
          },
          {
            "result": {
              "error_message": "groovy.lang.MissingMethodException: No signature of method: calculator.StepDefinition.assertEquals() is applicable for argument types: (Integer, Integer) values: [222, 222]\r\n\tat org.codehaus.groovy.runtime.ScriptBytecodeAdapter.unwrap(ScriptBytecodeAdapter.java:70)\r\n\tat org.codehaus.groovy.vmplugin.v8.IndyGuardsFiltersAndSignatures.unwrap(IndyGuardsFiltersAndSignatures.java:160)\r\n\tat org.codehaus.groovy.vmplugin.v8.IndyInterface.fromCache(IndyInterface.java:318)\r\n\tat calculator.StepDefinition.iGetTheResultResultInDouble(StepDefinition.groovy:123)\r\n\tat ✽.I get the result 222(C:/Users/tugia/Katalon Studio/A3-Calculator/Include/features/CAL-8 LCM.feature:7)\r\n",
              "duration": 442200,
              "status": "failed"
            },
            "line": 7,
            "name": "I get the result 222",
            "match": {
              "arguments": [
                {
                  "val": "222",
                  "offset": 17
                }
              ],
              "location": "StepDefinition.iGetTheResultResultInDouble(int)"
            },
            "keyword": "Then ",
            "BDD_STEP_UUID": "f4098402-510c-4d69-bf41-105bbde77b78"
          }
        ]
      },
      {
        "BDD_TESTRUN_UUID": "6dcc845f-9eb0-400b-b6a8-fea96a8e1a7e",
        "line": 21,
        "name": "Illegal LCM",
        "description": "",
        "id": "lcm;illegal-lcm;;2",
        "type": "scenario",
        "keyword": "Scenario Outline",
        "steps": [
          {
            "result": {
              "duration": 224100,
              "status": "passed"
            },
            "line": 15,
            "name": "I run the code",
            "match": {
              "location": "StepDefinition.iRunTheCode()"
            },
            "keyword": "Given ",
            "BDD_STEP_UUID": "cc324b85-52be-4424-968c-3e4b32512946"
          },
          {
            "result": {
              "duration": 792500,
              "status": "passed"
            },
            "line": 16,
            "name": "0 illegal lcm 0",
            "match": {
              "arguments": [
                {
                  "val": "0",
                  "offset": 0
                },
                {
                  "val": "0",
                  "offset": 14
                }
              ],
              "location": "StepDefinition.aIllegalLCMB(Integer,Integer)"
            },
            "keyword": "When ",
            "BDD_STEP_UUID": "4a1e3a80-34e2-46bc-bc69-56ae60abe8d1"
          },
          {
            "result": {
              "error_message": "groovy.lang.MissingMethodException: No signature of method: calculator.StepDefinition.assertEquals() is applicable for argument types: (String, String) values: [LCM(0, 0) is undefined, LCM(0, 0) is undefined]\r\n\tat org.codehaus.groovy.runtime.ScriptBytecodeAdapter.unwrap(ScriptBytecodeAdapter.java:70)\r\n\tat org.codehaus.groovy.vmplugin.v8.IndyGuardsFiltersAndSignatures.unwrap(IndyGuardsFiltersAndSignatures.java:160)\r\n\tat org.codehaus.groovy.vmplugin.v8.IndyInterface.fromCache(IndyInterface.java:318)\r\n\tat calculator.StepDefinition.iGetTheException(StepDefinition.groovy:197)\r\n\tat ✽.I get the Exception \"LCM(0, 0) is undefined\"(C:/Users/tugia/Katalon Studio/A3-Calculator/Include/features/CAL-8 LCM.feature:17)\r\n",
              "duration": 511100,
              "status": "failed"
            },
            "line": 17,
            "name": "I get the Exception \"LCM(0, 0) is undefined\"",
            "match": {
              "arguments": [
                {
                  "val": "\"LCM(0, 0) is undefined\"",
                  "offset": 20
                }
              ],
              "location": "StepDefinition.iGetTheException(String)"
            },
            "keyword": "Then ",
            "BDD_STEP_UUID": "373c8d06-8768-4b16-ad16-a09ae00b5409"
          }
        ]
      }
    ],
    "name": "lcm",
    "description": "  I want to use LCM operator",
    "id": "lcm",
    "keyword": "Feature",
    "uri": "C:/Users/tugia/Katalon Studio/A3-Calculator/Include/features/CAL-8 LCM.feature",
    "tags": []
  }
]