[
  {
    "line": 1,
    "elements": [
      {
        "line": 11,
        "name": "Multiplication",
        "description": "",
        "id": "multiply;multiplication;;2",
        "type": "scenario",
        "keyword": "Scenario Outline",
        "steps": [
          {
            "result": {
              "duration": 727100,
              "status": "passed"
            },
            "line": 5,
            "name": "I run the code",
            "match": {
              "location": "StepDefinition.iRunTheCode()"
            },
            "keyword": "Given "
          },
          {
            "result": {
              "duration": 2145600,
              "status": "passed"
            },
            "line": 6,
            "name": "10 multiply 20",
            "match": {
              "arguments": [
                {
                  "val": "10",
                  "offset": 0
                },
                {
                  "val": "20",
                  "offset": 12
                }
              ],
              "location": "StepDefinition.multiply(Integer,Integer)"
            },
            "keyword": "When "
          },
          {
            "result": {
              "duration": 6174700,
              "status": "passed"
            },
            "line": 7,
            "name": "I get the result 200 in Long",
            "match": {
              "arguments": [
                {
                  "val": "200",
                  "offset": 17
                }
              ],
              "location": "StepDefinition.iGetTheResultResultInLong(long)"
            },
            "keyword": "Then "
          }
        ]
      },
      {
        "line": 12,
        "name": "Multiplication",
        "description": "",
        "id": "multiply;multiplication;;3",
        "type": "scenario",
        "keyword": "Scenario Outline",
        "steps": [
          {
            "result": {
              "duration": 429000,
              "status": "passed"
            },
            "line": 5,
            "name": "I run the code",
            "match": {
              "location": "StepDefinition.iRunTheCode()"
            },
            "keyword": "Given "
          },
          {
            "result": {
              "duration": 696000,
              "status": "passed"
            },
            "line": 6,
            "name": "92 multiply -19",
            "match": {
              "arguments": [
                {
                  "val": "92",
                  "offset": 0
                },
                {
                  "val": "-19",
                  "offset": 12
                }
              ],
              "location": "StepDefinition.multiply(Integer,Integer)"
            },
            "keyword": "When "
          },
          {
            "result": {
              "duration": 617200,
              "status": "passed"
            },
            "line": 7,
            "name": "I get the result -1748 in Long",
            "match": {
              "arguments": [
                {
                  "val": "-1748",
                  "offset": 17
                }
              ],
              "location": "StepDefinition.iGetTheResultResultInLong(long)"
            },
            "keyword": "Then "
          }
        ]
      },
      {
        "line": 13,
        "name": "Multiplication",
        "description": "",
        "id": "multiply;multiplication;;4",
        "type": "scenario",
        "keyword": "Scenario Outline",
        "steps": [
          {
            "result": {
              "duration": 446900,
              "status": "passed"
            },
            "line": 5,
            "name": "I run the code",
            "match": {
              "location": "StepDefinition.iRunTheCode()"
            },
            "keyword": "Given "
          },
          {
            "result": {
              "duration": 747900,
              "status": "passed"
            },
            "line": 6,
            "name": "12 multiply -19",
            "match": {
              "arguments": [
                {
                  "val": "12",
                  "offset": 0
                },
                {
                  "val": "-19",
                  "offset": 12
                }
              ],
              "location": "StepDefinition.multiply(Integer,Integer)"
            },
            "keyword": "When "
          },
          {
            "result": {
              "duration": 707000,
              "status": "passed"
            },
            "line": 7,
            "name": "I get the result -228 in Long",
            "match": {
              "arguments": [
                {
                  "val": "-228",
                  "offset": 17
                }
              ],
              "location": "StepDefinition.iGetTheResultResultInLong(long)"
            },
            "keyword": "Then "
          }
        ]
      }
    ],
    "name": "multiply",
    "description": "  I want to use multiply operator",
    "id": "multiply",
    "keyword": "Feature",
    "uri": "C:/Users/tugia/Katalon Studio/A3-Calculator/Include/features/CAL-3 Multiply.feature",
    "tags": []
  }
]