[
  {
    "line": 1,
    "elements": [
      {
        "BDD_TESTRUN_UUID": "f96655d6-605c-477f-8dab-2889771a6d26",
        "line": 11,
        "name": "Multiplication",
        "description": "",
        "id": "multiply;multiplication;;2",
        "type": "scenario",
        "keyword": "Scenario Outline",
        "steps": [
          {
            "result": {
              "duration": 727100,
              "status": "passed"
            },
            "line": 5,
            "name": "I run the code",
            "match": {
              "location": "StepDefinition.iRunTheCode()"
            },
            "keyword": "Given ",
            "BDD_STEP_UUID": "008dd881-10d1-444a-a47a-0b8ca7413f1a"
          },
          {
            "result": {
              "duration": 2145600,
              "status": "passed"
            },
            "line": 6,
            "name": "10 multiply 20",
            "match": {
              "arguments": [
                {
                  "val": "10",
                  "offset": 0
                },
                {
                  "val": "20",
                  "offset": 12
                }
              ],
              "location": "StepDefinition.multiply(Integer,Integer)"
            },
            "keyword": "When ",
            "BDD_STEP_UUID": "287cab5d-02e3-4936-ae6c-7f607353a776"
          },
          {
            "result": {
              "duration": 6174700,
              "status": "passed"
            },
            "line": 7,
            "name": "I get the result 200 in Long",
            "match": {
              "arguments": [
                {
                  "val": "200",
                  "offset": 17
                }
              ],
              "location": "StepDefinition.iGetTheResultResultInLong(long)"
            },
            "keyword": "Then ",
            "BDD_STEP_UUID": "5051abee-6a76-464c-97de-264ea8c3e3ab"
          }
        ]
      },
      {
        "BDD_TESTRUN_UUID": "3f362f2e-750b-4477-b26f-e871d6097286",
        "line": 12,
        "name": "Multiplication",
        "description": "",
        "id": "multiply;multiplication;;3",
        "type": "scenario",
        "keyword": "Scenario Outline",
        "steps": [
          {
            "result": {
              "duration": 429000,
              "status": "passed"
            },
            "line": 5,
            "name": "I run the code",
            "match": {
              "location": "StepDefinition.iRunTheCode()"
            },
            "keyword": "Given ",
            "BDD_STEP_UUID": "7bcf3edd-feb8-4136-b0d6-a41371b15b6f"
          },
          {
            "result": {
              "duration": 696000,
              "status": "passed"
            },
            "line": 6,
            "name": "92 multiply -19",
            "match": {
              "arguments": [
                {
                  "val": "92",
                  "offset": 0
                },
                {
                  "val": "-19",
                  "offset": 12
                }
              ],
              "location": "StepDefinition.multiply(Integer,Integer)"
            },
            "keyword": "When ",
            "BDD_STEP_UUID": "0781f958-93fb-4f0b-94e7-12bbe1dec5ca"
          },
          {
            "result": {
              "duration": 617200,
              "status": "passed"
            },
            "line": 7,
            "name": "I get the result -1748 in Long",
            "match": {
              "arguments": [
                {
                  "val": "-1748",
                  "offset": 17
                }
              ],
              "location": "StepDefinition.iGetTheResultResultInLong(long)"
            },
            "keyword": "Then ",
            "BDD_STEP_UUID": "79f32413-682d-489b-8ff4-a7cefe38a684"
          }
        ]
      },
      {
        "BDD_TESTRUN_UUID": "e5b67a68-0118-4995-aa5e-913b6c16d608",
        "line": 13,
        "name": "Multiplication",
        "description": "",
        "id": "multiply;multiplication;;4",
        "type": "scenario",
        "keyword": "Scenario Outline",
        "steps": [
          {
            "result": {
              "duration": 446900,
              "status": "passed"
            },
            "line": 5,
            "name": "I run the code",
            "match": {
              "location": "StepDefinition.iRunTheCode()"
            },
            "keyword": "Given ",
            "BDD_STEP_UUID": "0ef6aa44-b06e-48cc-af91-075309239d7b"
          },
          {
            "result": {
              "duration": 747900,
              "status": "passed"
            },
            "line": 6,
            "name": "12 multiply -19",
            "match": {
              "arguments": [
                {
                  "val": "12",
                  "offset": 0
                },
                {
                  "val": "-19",
                  "offset": 12
                }
              ],
              "location": "StepDefinition.multiply(Integer,Integer)"
            },
            "keyword": "When ",
            "BDD_STEP_UUID": "c54c00a2-0a57-43ff-a064-c6c8b4df47ea"
          },
          {
            "result": {
              "duration": 707000,
              "status": "passed"
            },
            "line": 7,
            "name": "I get the result -228 in Long",
            "match": {
              "arguments": [
                {
                  "val": "-228",
                  "offset": 17
                }
              ],
              "location": "StepDefinition.iGetTheResultResultInLong(long)"
            },
            "keyword": "Then ",
            "BDD_STEP_UUID": "96242ceb-623d-4151-b954-36dff5a7cad5"
          }
        ]
      }
    ],
    "name": "multiply",
    "description": "  I want to use multiply operator",
    "id": "multiply",
    "keyword": "Feature",
    "uri": "C:/Users/tugia/Katalon Studio/A3-Calculator/Include/features/CAL-3 Multiply.feature",
    "tags": []
  }
]