[
  {
    "line": 1,
    "elements": [
      {
        "BDD_TESTRUN_UUID": "1d8816c9-dfc6-425b-b7b5-f325f7355355",
        "line": 11,
        "name": "LCM",
        "description": "",
        "id": "lcm;lcm;;2",
        "type": "scenario",
        "keyword": "Scenario Outline",
        "steps": [
          {
            "result": {
              "duration": 258500,
              "status": "passed"
            },
            "line": 5,
            "name": "I run the code",
            "match": {
              "location": "StepDefinition.iRunTheCode()"
            },
            "keyword": "Given ",
            "BDD_STEP_UUID": "8801d6a9-49a0-45de-a459-54a4017c1d53"
          },
          {
            "result": {
              "duration": 217800,
              "status": "passed"
            },
            "line": 6,
            "name": "4 lcm 6",
            "match": {
              "arguments": [
                {
                  "val": "4",
                  "offset": 0
                },
                {
                  "val": "6",
                  "offset": 6
                }
              ],
              "location": "StepDefinition.lcm(Integer,Integer)"
            },
            "keyword": "When ",
            "BDD_STEP_UUID": "a52f2136-a75b-4257-b7cf-942ab1729549"
          },
          {
            "result": {
              "error_message": "groovy.lang.MissingMethodException: No signature of method: calculator.StepDefinition.assertEquals() is applicable for argument types: (Integer, Integer) values: [12, 12]\r\n\tat org.codehaus.groovy.runtime.ScriptBytecodeAdapter.unwrap(ScriptBytecodeAdapter.java:70)\r\n\tat org.codehaus.groovy.vmplugin.v8.IndyGuardsFiltersAndSignatures.unwrap(IndyGuardsFiltersAndSignatures.java:160)\r\n\tat org.codehaus.groovy.vmplugin.v8.IndyInterface.fromCache(IndyInterface.java:318)\r\n\tat calculator.StepDefinition.iGetTheResultResultInDouble(StepDefinition.groovy:123)\r\n\tat ✽.I get the result 12(C:/Users/tugia/Katalon Studio/A3-Calculator/Include/features/CAL-8 LCM.feature:7)\r\n",
              "duration": 328200,
              "status": "failed"
            },
            "line": 7,
            "name": "I get the result 12",
            "match": {
              "arguments": [
                {
                  "val": "12",
                  "offset": 17
                }
              ],
              "location": "StepDefinition.iGetTheResultResultInDouble(int)"
            },
            "keyword": "Then ",
            "BDD_STEP_UUID": "7e276710-531b-4a2c-8bc8-eb2f46bc3e78"
          }
        ]
      },
      {
        "BDD_TESTRUN_UUID": "ff403cb3-b844-41c0-805e-7eb500e42470",
        "line": 12,
        "name": "LCM",
        "description": "",
        "id": "lcm;lcm;;3",
        "type": "scenario",
        "keyword": "Scenario Outline",
        "steps": [
          {
            "result": {
              "duration": 220400,
              "status": "passed"
            },
            "line": 5,
            "name": "I run the code",
            "match": {
              "location": "StepDefinition.iRunTheCode()"
            },
            "keyword": "Given ",
            "BDD_STEP_UUID": "7b7286d4-7916-43c9-83be-d7ff3b0eea6a"
          },
          {
            "result": {
              "duration": 221900,
              "status": "passed"
            },
            "line": 6,
            "name": "222 lcm 111",
            "match": {
              "arguments": [
                {
                  "val": "222",
                  "offset": 0
                },
                {
                  "val": "111",
                  "offset": 8
                }
              ],
              "location": "StepDefinition.lcm(Integer,Integer)"
            },
            "keyword": "When ",
            "BDD_STEP_UUID": "2299f308-f3ae-4733-8eba-7ec2a105443a"
          },
          {
            "result": {
              "error_message": "groovy.lang.MissingMethodException: No signature of method: calculator.StepDefinition.assertEquals() is applicable for argument types: (Integer, Integer) values: [222, 222]\r\n\tat org.codehaus.groovy.runtime.ScriptBytecodeAdapter.unwrap(ScriptBytecodeAdapter.java:70)\r\n\tat org.codehaus.groovy.vmplugin.v8.IndyGuardsFiltersAndSignatures.unwrap(IndyGuardsFiltersAndSignatures.java:160)\r\n\tat org.codehaus.groovy.vmplugin.v8.IndyInterface.fromCache(IndyInterface.java:318)\r\n\tat calculator.StepDefinition.iGetTheResultResultInDouble(StepDefinition.groovy:123)\r\n\tat ✽.I get the result 222(C:/Users/tugia/Katalon Studio/A3-Calculator/Include/features/CAL-8 LCM.feature:7)\r\n",
              "duration": 292000,
              "status": "failed"
            },
            "line": 7,
            "name": "I get the result 222",
            "match": {
              "arguments": [
                {
                  "val": "222",
                  "offset": 17
                }
              ],
              "location": "StepDefinition.iGetTheResultResultInDouble(int)"
            },
            "keyword": "Then ",
            "BDD_STEP_UUID": "d90042d2-787f-408d-831d-6b82b98df16f"
          }
        ]
      },
      {
        "BDD_TESTRUN_UUID": "07281288-8ce5-44b6-a373-5c3fdf18a4aa",
        "line": 21,
        "name": "Illegal LCM",
        "description": "",
        "id": "lcm;illegal-lcm;;2",
        "type": "scenario",
        "keyword": "Scenario Outline",
        "steps": [
          {
            "result": {
              "duration": 238000,
              "status": "passed"
            },
            "line": 15,
            "name": "I run the code",
            "match": {
              "location": "StepDefinition.iRunTheCode()"
            },
            "keyword": "Given ",
            "BDD_STEP_UUID": "fdba62ba-93b3-4de9-b5a4-22e866decbf3"
          },
          {
            "result": {
              "duration": 263100,
              "status": "passed"
            },
            "line": 16,
            "name": "0 illegal lcm 0",
            "match": {
              "arguments": [
                {
                  "val": "0",
                  "offset": 0
                },
                {
                  "val": "0",
                  "offset": 14
                }
              ],
              "location": "StepDefinition.aIllegalLCMB(Integer,Integer)"
            },
            "keyword": "When ",
            "BDD_STEP_UUID": "8d5c4007-d2a6-4df3-b125-84b302e8d544"
          },
          {
            "result": {
              "error_message": "groovy.lang.MissingMethodException: No signature of method: calculator.StepDefinition.assertEquals() is applicable for argument types: (String, String) values: [LCM(0, 0) is undefined, LCM(0, 0) is undefined]\r\n\tat org.codehaus.groovy.runtime.ScriptBytecodeAdapter.unwrap(ScriptBytecodeAdapter.java:70)\r\n\tat org.codehaus.groovy.vmplugin.v8.IndyGuardsFiltersAndSignatures.unwrap(IndyGuardsFiltersAndSignatures.java:160)\r\n\tat org.codehaus.groovy.vmplugin.v8.IndyInterface.fromCache(IndyInterface.java:318)\r\n\tat calculator.StepDefinition.iGetTheException(StepDefinition.groovy:197)\r\n\tat ✽.I get the Exception \"LCM(0, 0) is undefined\"(C:/Users/tugia/Katalon Studio/A3-Calculator/Include/features/CAL-8 LCM.feature:17)\r\n",
              "duration": 391400,
              "status": "failed"
            },
            "line": 17,
            "name": "I get the Exception \"LCM(0, 0) is undefined\"",
            "match": {
              "arguments": [
                {
                  "val": "\"LCM(0, 0) is undefined\"",
                  "offset": 20
                }
              ],
              "location": "StepDefinition.iGetTheException(String)"
            },
            "keyword": "Then ",
            "BDD_STEP_UUID": "e5f58ad7-94ef-4dde-bb3a-30508321d4a4"
          }
        ]
      }
    ],
    "name": "lcm",
    "description": "  I want to use LCM operator",
    "id": "lcm",
    "keyword": "Feature",
    "uri": "C:/Users/tugia/Katalon Studio/A3-Calculator/Include/features/CAL-8 LCM.feature",
    "tags": []
  }
]