[
  {
    "line": 1,
    "elements": [
      {
        "BDD_TESTRUN_UUID": "40eb16c6-ce4a-44b6-a3b4-dc6d51da93d1",
        "line": 11,
        "name": "LCM",
        "description": "",
        "id": "lcm;lcm;;2",
        "type": "scenario",
        "keyword": "Scenario Outline",
        "steps": [
          {
            "result": {
              "duration": 436500,
              "status": "passed"
            },
            "line": 5,
            "name": "I run the code",
            "match": {
              "location": "StepDefinition.iRunTheCode()"
            },
            "keyword": "Given ",
            "BDD_STEP_UUID": "65779585-103e-4dd7-ba29-dac161b24186"
          },
          {
            "result": {
              "duration": 298700,
              "status": "passed"
            },
            "line": 6,
            "name": "4 lcm 6",
            "match": {
              "arguments": [
                {
                  "val": "4",
                  "offset": 0
                },
                {
                  "val": "6",
                  "offset": 6
                }
              ],
              "location": "StepDefinition.lcm(Integer,Integer)"
            },
            "keyword": "When ",
            "BDD_STEP_UUID": "4dff0976-b869-4eeb-8c12-cb7a20fa138c"
          },
          {
            "result": {
              "error_message": "groovy.lang.MissingMethodException: No signature of method: calculator.StepDefinition.assertEquals() is applicable for argument types: (Integer, Integer) values: [12, 12]\r\n\tat org.codehaus.groovy.runtime.ScriptBytecodeAdapter.unwrap(ScriptBytecodeAdapter.java:70)\r\n\tat org.codehaus.groovy.vmplugin.v8.IndyGuardsFiltersAndSignatures.unwrap(IndyGuardsFiltersAndSignatures.java:160)\r\n\tat org.codehaus.groovy.vmplugin.v8.IndyInterface.fromCache(IndyInterface.java:318)\r\n\tat calculator.StepDefinition.iGetTheResultResultInDouble(StepDefinition.groovy:123)\r\n\tat ✽.I get the result 12(C:/Users/tugia/Katalon Studio/A3-Calculator/Include/features/CAL-8 LCM.feature:7)\r\n",
              "duration": 336200,
              "status": "failed"
            },
            "line": 7,
            "name": "I get the result 12",
            "match": {
              "arguments": [
                {
                  "val": "12",
                  "offset": 17
                }
              ],
              "location": "StepDefinition.iGetTheResultResultInDouble(int)"
            },
            "keyword": "Then ",
            "BDD_STEP_UUID": "f2005a60-1b0e-4aba-8eeb-c2399177eb13"
          }
        ]
      },
      {
        "BDD_TESTRUN_UUID": "850105ab-a819-49d1-aaec-cbf9042ef02e",
        "line": 12,
        "name": "LCM",
        "description": "",
        "id": "lcm;lcm;;3",
        "type": "scenario",
        "keyword": "Scenario Outline",
        "steps": [
          {
            "result": {
              "duration": 277300,
              "status": "passed"
            },
            "line": 5,
            "name": "I run the code",
            "match": {
              "location": "StepDefinition.iRunTheCode()"
            },
            "keyword": "Given ",
            "BDD_STEP_UUID": "e8572841-2623-4da0-8aa7-5990a5169a9c"
          },
          {
            "result": {
              "duration": 274500,
              "status": "passed"
            },
            "line": 6,
            "name": "222 lcm 111",
            "match": {
              "arguments": [
                {
                  "val": "222",
                  "offset": 0
                },
                {
                  "val": "111",
                  "offset": 8
                }
              ],
              "location": "StepDefinition.lcm(Integer,Integer)"
            },
            "keyword": "When ",
            "BDD_STEP_UUID": "42e2486b-d1f3-461e-aaf9-2580cdce069f"
          },
          {
            "result": {
              "error_message": "groovy.lang.MissingMethodException: No signature of method: calculator.StepDefinition.assertEquals() is applicable for argument types: (Integer, Integer) values: [222, 222]\r\n\tat org.codehaus.groovy.runtime.ScriptBytecodeAdapter.unwrap(ScriptBytecodeAdapter.java:70)\r\n\tat org.codehaus.groovy.vmplugin.v8.IndyGuardsFiltersAndSignatures.unwrap(IndyGuardsFiltersAndSignatures.java:160)\r\n\tat org.codehaus.groovy.vmplugin.v8.IndyInterface.fromCache(IndyInterface.java:318)\r\n\tat calculator.StepDefinition.iGetTheResultResultInDouble(StepDefinition.groovy:123)\r\n\tat ✽.I get the result 222(C:/Users/tugia/Katalon Studio/A3-Calculator/Include/features/CAL-8 LCM.feature:7)\r\n",
              "duration": 302900,
              "status": "failed"
            },
            "line": 7,
            "name": "I get the result 222",
            "match": {
              "arguments": [
                {
                  "val": "222",
                  "offset": 17
                }
              ],
              "location": "StepDefinition.iGetTheResultResultInDouble(int)"
            },
            "keyword": "Then ",
            "BDD_STEP_UUID": "7ecfd3dd-ed56-410c-b204-0e86a4aa5bd3"
          }
        ]
      },
      {
        "BDD_TESTRUN_UUID": "4ce01df9-fd74-42c3-918f-727b3f4c7a6f",
        "line": 21,
        "name": "Illegal LCM",
        "description": "",
        "id": "lcm;illegal-lcm;;2",
        "type": "scenario",
        "keyword": "Scenario Outline",
        "steps": [
          {
            "result": {
              "duration": 200600,
              "status": "passed"
            },
            "line": 15,
            "name": "I run the code",
            "match": {
              "location": "StepDefinition.iRunTheCode()"
            },
            "keyword": "Given ",
            "BDD_STEP_UUID": "32d21ff8-5c3d-47a3-b3dd-c4497ca1800c"
          },
          {
            "result": {
              "duration": 243400,
              "status": "passed"
            },
            "line": 16,
            "name": "0 illegal lcm 0",
            "match": {
              "arguments": [
                {
                  "val": "0",
                  "offset": 0
                },
                {
                  "val": "0",
                  "offset": 14
                }
              ],
              "location": "StepDefinition.aIllegalLCMB(Integer,Integer)"
            },
            "keyword": "When ",
            "BDD_STEP_UUID": "c00d9d25-a969-48ff-940e-c60c14998a89"
          },
          {
            "result": {
              "error_message": "groovy.lang.MissingMethodException: No signature of method: calculator.StepDefinition.assertEquals() is applicable for argument types: (String, String) values: [LCM(0, 0) is undefined, LCM(0, 0) is undefined]\r\n\tat org.codehaus.groovy.runtime.ScriptBytecodeAdapter.unwrap(ScriptBytecodeAdapter.java:70)\r\n\tat org.codehaus.groovy.vmplugin.v8.IndyGuardsFiltersAndSignatures.unwrap(IndyGuardsFiltersAndSignatures.java:160)\r\n\tat org.codehaus.groovy.vmplugin.v8.IndyInterface.fromCache(IndyInterface.java:318)\r\n\tat calculator.StepDefinition.iGetTheException(StepDefinition.groovy:197)\r\n\tat ✽.I get the Exception \"LCM(0, 0) is undefined\"(C:/Users/tugia/Katalon Studio/A3-Calculator/Include/features/CAL-8 LCM.feature:17)\r\n",
              "duration": 612200,
              "status": "failed"
            },
            "line": 17,
            "name": "I get the Exception \"LCM(0, 0) is undefined\"",
            "match": {
              "arguments": [
                {
                  "val": "\"LCM(0, 0) is undefined\"",
                  "offset": 20
                }
              ],
              "location": "StepDefinition.iGetTheException(String)"
            },
            "keyword": "Then ",
            "BDD_STEP_UUID": "b11e9056-0ab0-4e45-94d3-86da77a9ed6c"
          }
        ]
      }
    ],
    "name": "lcm",
    "description": "  I want to use LCM operator",
    "id": "lcm",
    "keyword": "Feature",
    "uri": "C:/Users/tugia/Katalon Studio/A3-Calculator/Include/features/CAL-8 LCM.feature",
    "tags": []
  }
]