[
  {
    "line": 1,
    "elements": [
      {
        "line": 11,
        "name": "Exponentiation",
        "description": "",
        "id": "power;exponentiation;;2",
        "type": "scenario",
        "keyword": "Scenario Outline",
        "steps": [
          {
            "result": {
              "duration": 329700,
              "status": "passed"
            },
            "line": 5,
            "name": "I run the code",
            "match": {
              "location": "StepDefinition.iRunTheCode()"
            },
            "keyword": "Given "
          },
          {
            "result": {
              "duration": 279300,
              "status": "passed"
            },
            "line": 6,
            "name": "10 to the power of 5",
            "match": {
              "arguments": [
                {
                  "val": "10",
                  "offset": 0
                },
                {
                  "val": "5",
                  "offset": 19
                }
              ],
              "location": "StepDefinition.power(Integer,Integer)"
            },
            "keyword": "When "
          },
          {
            "result": {
              "status": "undefined"
            },
            "line": 7,
            "name": "I get the result 100000 in Double",
            "match": {},
            "keyword": "Then "
          }
        ]
      },
      {
        "line": 12,
        "name": "Exponentiation",
        "description": "",
        "id": "power;exponentiation;;3",
        "type": "scenario",
        "keyword": "Scenario Outline",
        "steps": [
          {
            "result": {
              "duration": 248700,
              "status": "passed"
            },
            "line": 5,
            "name": "I run the code",
            "match": {
              "location": "StepDefinition.iRunTheCode()"
            },
            "keyword": "Given "
          },
          {
            "result": {
              "duration": 352800,
              "status": "passed"
            },
            "line": 6,
            "name": "8 to the power of 3",
            "match": {
              "arguments": [
                {
                  "val": "8",
                  "offset": 0
                },
                {
                  "val": "3",
                  "offset": 18
                }
              ],
              "location": "StepDefinition.power(Integer,Integer)"
            },
            "keyword": "When "
          },
          {
            "result": {
              "status": "undefined"
            },
            "line": 7,
            "name": "I get the result 512 in Double",
            "match": {},
            "keyword": "Then "
          }
        ]
      },
      {
        "line": 21,
        "name": "Negative Exponentiation",
        "description": "",
        "id": "power;negative-exponentiation;;2",
        "type": "scenario",
        "keyword": "Scenario Outline",
        "steps": [
          {
            "result": {
              "duration": 258600,
              "status": "passed"
            },
            "line": 15,
            "name": "I run the code",
            "match": {
              "location": "StepDefinition.iRunTheCode()"
            },
            "keyword": "Given "
          },
          {
            "result": {
              "duration": 286300,
              "status": "passed"
            },
            "line": 16,
            "name": "10 to the power of -5",
            "match": {
              "arguments": [
                {
                  "val": "10",
                  "offset": 0
                },
                {
                  "val": "-5",
                  "offset": 19
                }
              ],
              "location": "StepDefinition.power(Integer,Integer)"
            },
            "keyword": "When "
          },
          {
            "result": {
              "duration": 396200,
              "status": "passed"
            },
            "line": 17,
            "name": "I get the result 0.000001 in Double with 5",
            "match": {
              "arguments": [
                {
                  "val": "0.000001",
                  "offset": 17
                },
                {
                  "val": "5",
                  "offset": 41
                }
              ],
              "location": "StepDefinition.iGetTheResultResultInDouble(double,int)"
            },
            "keyword": "Then "
          }
        ]
      },
      {
        "line": 22,
        "name": "Negative Exponentiation",
        "description": "",
        "id": "power;negative-exponentiation;;3",
        "type": "scenario",
        "keyword": "Scenario Outline",
        "steps": [
          {
            "result": {
              "duration": 376600,
              "status": "passed"
            },
            "line": 15,
            "name": "I run the code",
            "match": {
              "location": "StepDefinition.iRunTheCode()"
            },
            "keyword": "Given "
          },
          {
            "result": {
              "duration": 621600,
              "status": "passed"
            },
            "line": 16,
            "name": "27 to the power of -3",
            "match": {
              "arguments": [
                {
                  "val": "27",
                  "offset": 0
                },
                {
                  "val": "-3",
                  "offset": 19
                }
              ],
              "location": "StepDefinition.power(Integer,Integer)"
            },
            "keyword": "When "
          },
          {
            "result": {
              "duration": 381700,
              "status": "passed"
            },
            "line": 17,
            "name": "I get the result 0.00000508 in Double with 8",
            "match": {
              "arguments": [
                {
                  "val": "0.00000508",
                  "offset": 17
                },
                {
                  "val": "8",
                  "offset": 43
                }
              ],
              "location": "StepDefinition.iGetTheResultResultInDouble(double,int)"
            },
            "keyword": "Then "
          }
        ]
      },
      {
        "line": 31,
        "name": "Error Exponentiation",
        "description": "",
        "id": "power;error-exponentiation;;2",
        "type": "scenario",
        "keyword": "Scenario Outline",
        "steps": [
          {
            "result": {
              "duration": 223500,
              "status": "passed"
            },
            "line": 25,
            "name": "I run the code",
            "match": {
              "location": "StepDefinition.iRunTheCode()"
            },
            "keyword": "Given "
          },
          {
            "result": {
              "duration": 256200,
              "status": "passed"
            },
            "line": 26,
            "name": "illegal 0 to the power of -10",
            "match": {
              "arguments": [
                {
                  "val": "0",
                  "offset": 8
                },
                {
                  "val": "-10",
                  "offset": 26
                }
              ],
              "location": "StepDefinition.illegalPower(Integer,Integer)"
            },
            "keyword": "When "
          },
          {
            "result": {
              "duration": 199300,
              "status": "passed"
            },
            "line": 27,
            "name": "I get the Exception \"Undefined for 0^(negative number)\"",
            "match": {
              "arguments": [
                {
                  "val": "\"Undefined for 0^(negative number)\"",
                  "offset": 20
                }
              ],
              "location": "StepDefinition.iGetTheException(String)"
            },
            "keyword": "Then "
          }
        ]
      }
    ],
    "name": "power",
    "description": "  I want to use power operator",
    "id": "power",
    "keyword": "Feature",
    "uri": "C:/Users/tugia/Katalon Studio/A3-Calculator/Include/features/CAL-6 Power.feature",
    "tags": []
  }
]