[
  {
    "line": 1,
    "elements": [
      {
        "BDD_TESTRUN_UUID": "7c620eb9-abf3-40de-95a7-0fe761bd83e4",
        "line": 11,
        "name": "Addition",
        "description": "",
        "id": "add;addition;;2",
        "type": "scenario",
        "keyword": "Scenario Outline",
        "steps": [
          {
            "result": {
              "duration": 579400,
              "status": "passed"
            },
            "line": 5,
            "name": "I run the code",
            "match": {
              "location": "StepDefinition.iRunTheCode()"
            },
            "keyword": "Given ",
            "BDD_STEP_UUID": "fd52fc83-9fc3-4b77-adaa-ede92bf49253"
          },
          {
            "result": {
              "duration": 761300,
              "status": "passed"
            },
            "line": 6,
            "name": "10 plus 20",
            "match": {
              "arguments": [
                {
                  "val": "10",
                  "offset": 0
                },
                {
                  "val": "20",
                  "offset": 8
                }
              ],
              "location": "StepDefinition.aPlusB(int,int)"
            },
            "keyword": "When ",
            "BDD_STEP_UUID": "105b90e8-e5c9-4558-a8c3-a93b5e50d57e"
          },
          {
            "result": {
              "duration": 516700,
              "status": "passed"
            },
            "line": 7,
            "name": "I get the result 30",
            "match": {
              "arguments": [
                {
                  "val": "30",
                  "offset": 17
                }
              ],
              "location": "StepDefinition.iGetTheResultResultInDouble(int)"
            },
            "keyword": "Then ",
            "BDD_STEP_UUID": "418b3aa7-c8b5-41e6-8d13-b5411acd64a9"
          }
        ]
      },
      {
        "BDD_TESTRUN_UUID": "cbab9e5f-d781-4798-92e8-7d5eb63313fc",
        "line": 12,
        "name": "Addition",
        "description": "",
        "id": "add;addition;;3",
        "type": "scenario",
        "keyword": "Scenario Outline",
        "steps": [
          {
            "result": {
              "duration": 610000,
              "status": "passed"
            },
            "line": 5,
            "name": "I run the code",
            "match": {
              "location": "StepDefinition.iRunTheCode()"
            },
            "keyword": "Given ",
            "BDD_STEP_UUID": "7045ab8e-c44f-46d3-9fbc-5366c9682a8d"
          },
          {
            "result": {
              "duration": 863000,
              "status": "passed"
            },
            "line": 6,
            "name": "123 plus 456",
            "match": {
              "arguments": [
                {
                  "val": "123",
                  "offset": 0
                },
                {
                  "val": "456",
                  "offset": 9
                }
              ],
              "location": "StepDefinition.aPlusB(int,int)"
            },
            "keyword": "When ",
            "BDD_STEP_UUID": "7d0b0381-b241-44e0-9c3f-2d66adf52b79"
          },
          {
            "result": {
              "duration": 643600,
              "status": "passed"
            },
            "line": 7,
            "name": "I get the result 579",
            "match": {
              "arguments": [
                {
                  "val": "579",
                  "offset": 17
                }
              ],
              "location": "StepDefinition.iGetTheResultResultInDouble(int)"
            },
            "keyword": "Then ",
            "BDD_STEP_UUID": "7160be2f-ffa1-44ea-96cc-64e1ecbcf74a"
          }
        ]
      },
      {
        "BDD_TESTRUN_UUID": "baeb92f9-3628-4b08-aaf7-7a7ad50a9adb",
        "line": 13,
        "name": "Addition",
        "description": "",
        "id": "add;addition;;4",
        "type": "scenario",
        "keyword": "Scenario Outline",
        "steps": [
          {
            "result": {
              "duration": 628100,
              "status": "passed"
            },
            "line": 5,
            "name": "I run the code",
            "match": {
              "location": "StepDefinition.iRunTheCode()"
            },
            "keyword": "Given ",
            "BDD_STEP_UUID": "09f440e5-1567-42f9-956f-48ec21c83493"
          },
          {
            "result": {
              "duration": 842800,
              "status": "passed"
            },
            "line": 6,
            "name": "177 plus 456",
            "match": {
              "arguments": [
                {
                  "val": "177",
                  "offset": 0
                },
                {
                  "val": "456",
                  "offset": 9
                }
              ],
              "location": "StepDefinition.aPlusB(int,int)"
            },
            "keyword": "When ",
            "BDD_STEP_UUID": "bbc439fd-844d-4af9-888c-6090d9f8c1d4"
          },
          {
            "result": {
              "error_message": "java.lang.AssertionError: expected:\u003c633\u003e but was:\u003c579\u003e\r\n\tat org.junit.Assert.fail(Assert.java:89)\r\n\tat org.junit.Assert.failNotEquals(Assert.java:835)\r\n\tat org.junit.Assert.assertEquals(Assert.java:647)\r\n\tat org.junit.Assert.assertEquals(Assert.java:633)\r\n\tat org.codehaus.groovy.vmplugin.v8.IndyInterface.fromCache(IndyInterface.java:318)\r\n\tat calculator.StepDefinition.iGetTheResultResultInDouble(StepDefinition.groovy:124)\r\n\tat ✽.I get the result 579(C:/Users/tugia/Katalon Studio/A3-Calculator/Include/features/CAL-1 Add.feature:7)\r\n",
              "duration": 928400,
              "status": "failed"
            },
            "line": 7,
            "name": "I get the result 579",
            "match": {
              "arguments": [
                {
                  "val": "579",
                  "offset": 17
                }
              ],
              "location": "StepDefinition.iGetTheResultResultInDouble(int)"
            },
            "keyword": "Then ",
            "BDD_STEP_UUID": "604bdddc-8096-47a7-94d6-78b1ca8964ca"
          }
        ]
      }
    ],
    "name": "add",
    "description": "    I want to use add operator",
    "id": "add",
    "keyword": "Feature",
    "uri": "C:/Users/tugia/Katalon Studio/A3-Calculator/Include/features/CAL-1 Add.feature",
    "tags": []
  }
]