[
  {
    "line": 1,
    "elements": [
      {
        "BDD_TESTRUN_UUID": "4134959d-47e7-4b40-9c86-72fdc78388e4",
        "line": 11,
        "name": "Multiplication",
        "description": "",
        "id": "multiply;multiplication;;2",
        "type": "scenario",
        "keyword": "Scenario Outline",
        "steps": [
          {
            "result": {
              "duration": 337200,
              "status": "passed"
            },
            "line": 5,
            "name": "I run the code",
            "match": {
              "location": "StepDefinition.iRunTheCode()"
            },
            "keyword": "Given ",
            "BDD_STEP_UUID": "fc243447-7674-4614-9c2f-cc0ac3b3fe23"
          },
          {
            "result": {
              "duration": 3508400,
              "status": "passed"
            },
            "line": 6,
            "name": "10 multiply 20",
            "match": {
              "arguments": [
                {
                  "val": "10",
                  "offset": 0
                },
                {
                  "val": "20",
                  "offset": 12
                }
              ],
              "location": "StepDefinition.multiply(Integer,Integer)"
            },
            "keyword": "When ",
            "BDD_STEP_UUID": "c01fff69-290d-433e-92ad-ac3c46e95368"
          },
          {
            "result": {
              "error_message": "groovy.lang.MissingMethodException: No signature of method: calculator.StepDefinition.assertEquals() is applicable for argument types: (Long, Long) values: [200, 200]\r\n\tat org.codehaus.groovy.runtime.ScriptBytecodeAdapter.unwrap(ScriptBytecodeAdapter.java:70)\r\n\tat org.codehaus.groovy.vmplugin.v8.IndyGuardsFiltersAndSignatures.unwrap(IndyGuardsFiltersAndSignatures.java:160)\r\n\tat org.codehaus.groovy.vmplugin.v8.IndyInterface.fromCache(IndyInterface.java:318)\r\n\tat calculator.StepDefinition.iGetTheResultResultInLong(StepDefinition.groovy:138)\r\n\tat ✽.I get the result 200 in Long(C:/Users/tugia/Katalon Studio/A3-Calculator/Include/features/CAL-3 Multiply.feature:7)\r\n",
              "duration": 5289500,
              "status": "failed"
            },
            "line": 7,
            "name": "I get the result 200 in Long",
            "match": {
              "arguments": [
                {
                  "val": "200",
                  "offset": 17
                }
              ],
              "location": "StepDefinition.iGetTheResultResultInLong(long)"
            },
            "keyword": "Then ",
            "BDD_STEP_UUID": "50787ba3-68e2-4c34-8a89-9dd09d794345"
          }
        ]
      },
      {
        "BDD_TESTRUN_UUID": "2c6331c9-65fe-49eb-be85-8b1029a65d4f",
        "line": 12,
        "name": "Multiplication",
        "description": "",
        "id": "multiply;multiplication;;3",
        "type": "scenario",
        "keyword": "Scenario Outline",
        "steps": [
          {
            "result": {
              "duration": 407500,
              "status": "passed"
            },
            "line": 5,
            "name": "I run the code",
            "match": {
              "location": "StepDefinition.iRunTheCode()"
            },
            "keyword": "Given ",
            "BDD_STEP_UUID": "154a4d77-946e-4497-9db3-51a63c4ac3b7"
          },
          {
            "result": {
              "duration": 347100,
              "status": "passed"
            },
            "line": 6,
            "name": "92 multiply -19",
            "match": {
              "arguments": [
                {
                  "val": "92",
                  "offset": 0
                },
                {
                  "val": "-19",
                  "offset": 12
                }
              ],
              "location": "StepDefinition.multiply(Integer,Integer)"
            },
            "keyword": "When ",
            "BDD_STEP_UUID": "a565a4e9-9c10-4b28-a53d-0e27d1de7385"
          },
          {
            "result": {
              "error_message": "groovy.lang.MissingMethodException: No signature of method: calculator.StepDefinition.assertEquals() is applicable for argument types: (Long, Long) values: [-1748, -1748]\r\n\tat org.codehaus.groovy.runtime.ScriptBytecodeAdapter.unwrap(ScriptBytecodeAdapter.java:70)\r\n\tat org.codehaus.groovy.vmplugin.v8.IndyGuardsFiltersAndSignatures.unwrap(IndyGuardsFiltersAndSignatures.java:160)\r\n\tat org.codehaus.groovy.vmplugin.v8.IndyInterface.fromCache(IndyInterface.java:318)\r\n\tat calculator.StepDefinition.iGetTheResultResultInLong(StepDefinition.groovy:138)\r\n\tat ✽.I get the result -1748 in Long(C:/Users/tugia/Katalon Studio/A3-Calculator/Include/features/CAL-3 Multiply.feature:7)\r\n",
              "duration": 1226500,
              "status": "failed"
            },
            "line": 7,
            "name": "I get the result -1748 in Long",
            "match": {
              "arguments": [
                {
                  "val": "-1748",
                  "offset": 17
                }
              ],
              "location": "StepDefinition.iGetTheResultResultInLong(long)"
            },
            "keyword": "Then ",
            "BDD_STEP_UUID": "07dd9e56-e4d6-4b5b-aef4-d5310d4277ea"
          }
        ]
      },
      {
        "BDD_TESTRUN_UUID": "b424c653-ca69-433b-9d4e-ae72bff57ec2",
        "line": 13,
        "name": "Multiplication",
        "description": "",
        "id": "multiply;multiplication;;4",
        "type": "scenario",
        "keyword": "Scenario Outline",
        "steps": [
          {
            "result": {
              "duration": 371200,
              "status": "passed"
            },
            "line": 5,
            "name": "I run the code",
            "match": {
              "location": "StepDefinition.iRunTheCode()"
            },
            "keyword": "Given ",
            "BDD_STEP_UUID": "d9810132-2c32-483c-b691-a461b6bd762e"
          },
          {
            "result": {
              "duration": 406800,
              "status": "passed"
            },
            "line": 6,
            "name": "12 multiply -19",
            "match": {
              "arguments": [
                {
                  "val": "12",
                  "offset": 0
                },
                {
                  "val": "-19",
                  "offset": 12
                }
              ],
              "location": "StepDefinition.multiply(Integer,Integer)"
            },
            "keyword": "When ",
            "BDD_STEP_UUID": "fa50d207-36a7-4927-9404-cb2deff8dcd4"
          },
          {
            "result": {
              "error_message": "groovy.lang.MissingMethodException: No signature of method: calculator.StepDefinition.assertEquals() is applicable for argument types: (Long, Long) values: [-228, -228]\r\n\tat org.codehaus.groovy.runtime.ScriptBytecodeAdapter.unwrap(ScriptBytecodeAdapter.java:70)\r\n\tat org.codehaus.groovy.vmplugin.v8.IndyGuardsFiltersAndSignatures.unwrap(IndyGuardsFiltersAndSignatures.java:160)\r\n\tat org.codehaus.groovy.vmplugin.v8.IndyInterface.fromCache(IndyInterface.java:318)\r\n\tat calculator.StepDefinition.iGetTheResultResultInLong(StepDefinition.groovy:138)\r\n\tat ✽.I get the result -228 in Long(C:/Users/tugia/Katalon Studio/A3-Calculator/Include/features/CAL-3 Multiply.feature:7)\r\n",
              "duration": 628700,
              "status": "failed"
            },
            "line": 7,
            "name": "I get the result -228 in Long",
            "match": {
              "arguments": [
                {
                  "val": "-228",
                  "offset": 17
                }
              ],
              "location": "StepDefinition.iGetTheResultResultInLong(long)"
            },
            "keyword": "Then ",
            "BDD_STEP_UUID": "00ac7a7f-d8ff-4c0f-bfaa-3eb122700c51"
          }
        ]
      }
    ],
    "name": "multiply",
    "description": "  I want to use multiply operator",
    "id": "multiply",
    "keyword": "Feature",
    "uri": "C:/Users/tugia/Katalon Studio/A3-Calculator/Include/features/CAL-3 Multiply.feature",
    "tags": []
  }
]