[
  {
    "line": 1,
    "elements": [
      {
        "BDD_TESTRUN_UUID": "f6322423-9fdc-4ea8-8ed0-4f5cc610b32e",
        "line": 11,
        "name": "Exponentiation",
        "description": "",
        "id": "power;exponentiation;;2",
        "type": "scenario",
        "keyword": "Scenario Outline",
        "steps": [
          {
            "result": {
              "duration": 276400,
              "status": "passed"
            },
            "line": 5,
            "name": "I run the code",
            "match": {
              "location": "StepDefinition.iRunTheCode()"
            },
            "keyword": "Given ",
            "BDD_STEP_UUID": "6805a8e6-75df-4010-a033-88a79cae61f4"
          },
          {
            "result": {
              "duration": 292200,
              "status": "passed"
            },
            "line": 6,
            "name": "10 to the power of 5",
            "match": {
              "arguments": [
                {
                  "val": "10",
                  "offset": 0
                },
                {
                  "val": "5",
                  "offset": 19
                }
              ],
              "location": "StepDefinition.power(Integer,Integer)"
            },
            "keyword": "When ",
            "BDD_STEP_UUID": "35bab0b7-3c66-4adc-ba73-5034a4e1ca79"
          },
          {
            "result": {
              "status": "undefined"
            },
            "line": 7,
            "name": "I get the result 100000 in Double",
            "match": {},
            "keyword": "Then ",
            "BDD_STEP_UUID": "bf593936-8c47-4c4d-9343-a7fac36fc721"
          }
        ]
      },
      {
        "BDD_TESTRUN_UUID": "4c52000f-a906-47d2-ae56-cfc975c60043",
        "line": 12,
        "name": "Exponentiation",
        "description": "",
        "id": "power;exponentiation;;3",
        "type": "scenario",
        "keyword": "Scenario Outline",
        "steps": [
          {
            "result": {
              "duration": 477400,
              "status": "passed"
            },
            "line": 5,
            "name": "I run the code",
            "match": {
              "location": "StepDefinition.iRunTheCode()"
            },
            "keyword": "Given ",
            "BDD_STEP_UUID": "a4292c86-a825-486b-b4ec-863d21bf7d9a"
          },
          {
            "result": {
              "duration": 447300,
              "status": "passed"
            },
            "line": 6,
            "name": "8 to the power of 3",
            "match": {
              "arguments": [
                {
                  "val": "8",
                  "offset": 0
                },
                {
                  "val": "3",
                  "offset": 18
                }
              ],
              "location": "StepDefinition.power(Integer,Integer)"
            },
            "keyword": "When ",
            "BDD_STEP_UUID": "dd6e002b-d298-4344-a66d-a93e5c9ac25e"
          },
          {
            "result": {
              "status": "undefined"
            },
            "line": 7,
            "name": "I get the result 512 in Double",
            "match": {},
            "keyword": "Then ",
            "BDD_STEP_UUID": "0c715097-6cf0-4100-81f6-9228fbd707c7"
          }
        ]
      },
      {
        "BDD_TESTRUN_UUID": "3aed74ec-6fff-4865-93f2-afd8477303f2",
        "line": 21,
        "name": "Negative Exponentiation",
        "description": "",
        "id": "power;negative-exponentiation;;2",
        "type": "scenario",
        "keyword": "Scenario Outline",
        "steps": [
          {
            "result": {
              "duration": 232000,
              "status": "passed"
            },
            "line": 15,
            "name": "I run the code",
            "match": {
              "location": "StepDefinition.iRunTheCode()"
            },
            "keyword": "Given ",
            "BDD_STEP_UUID": "96fcb678-e4a4-4029-a0f9-c7cea0281cf1"
          },
          {
            "result": {
              "duration": 267100,
              "status": "passed"
            },
            "line": 16,
            "name": "10 to the power of -5",
            "match": {
              "arguments": [
                {
                  "val": "10",
                  "offset": 0
                },
                {
                  "val": "-5",
                  "offset": 19
                }
              ],
              "location": "StepDefinition.power(Integer,Integer)"
            },
            "keyword": "When ",
            "BDD_STEP_UUID": "e8ec1042-449d-4550-bac2-c9cba15c60cb"
          },
          {
            "result": {
              "duration": 280500,
              "status": "passed"
            },
            "line": 17,
            "name": "I get the result 0.000001 in Double with 5",
            "match": {
              "arguments": [
                {
                  "val": "0.000001",
                  "offset": 17
                },
                {
                  "val": "5",
                  "offset": 41
                }
              ],
              "location": "StepDefinition.iGetTheResultResultInDouble(double,int)"
            },
            "keyword": "Then ",
            "BDD_STEP_UUID": "8e32c3bd-5185-4ae3-af28-e403ffc4e4f8"
          }
        ]
      },
      {
        "BDD_TESTRUN_UUID": "876e28c9-7aa6-447b-b741-b6a02a4a3de3",
        "line": 22,
        "name": "Negative Exponentiation",
        "description": "",
        "id": "power;negative-exponentiation;;3",
        "type": "scenario",
        "keyword": "Scenario Outline",
        "steps": [
          {
            "result": {
              "duration": 299200,
              "status": "passed"
            },
            "line": 15,
            "name": "I run the code",
            "match": {
              "location": "StepDefinition.iRunTheCode()"
            },
            "keyword": "Given ",
            "BDD_STEP_UUID": "8e1adf0c-9b46-4baf-a4a5-49ee8a8feec0"
          },
          {
            "result": {
              "duration": 393900,
              "status": "passed"
            },
            "line": 16,
            "name": "27 to the power of -3",
            "match": {
              "arguments": [
                {
                  "val": "27",
                  "offset": 0
                },
                {
                  "val": "-3",
                  "offset": 19
                }
              ],
              "location": "StepDefinition.power(Integer,Integer)"
            },
            "keyword": "When ",
            "BDD_STEP_UUID": "13dede67-fddf-4c70-93a1-50ba9b7ecd46"
          },
          {
            "result": {
              "duration": 371900,
              "status": "passed"
            },
            "line": 17,
            "name": "I get the result 0.00000508 in Double with 8",
            "match": {
              "arguments": [
                {
                  "val": "0.00000508",
                  "offset": 17
                },
                {
                  "val": "8",
                  "offset": 43
                }
              ],
              "location": "StepDefinition.iGetTheResultResultInDouble(double,int)"
            },
            "keyword": "Then ",
            "BDD_STEP_UUID": "8e99944e-219d-4610-a9f3-aaf16697b3b3"
          }
        ]
      },
      {
        "BDD_TESTRUN_UUID": "569e362a-ec23-40c1-a498-f47804d3563e",
        "line": 31,
        "name": "Error Exponentiation",
        "description": "",
        "id": "power;error-exponentiation;;2",
        "type": "scenario",
        "keyword": "Scenario Outline",
        "steps": [
          {
            "result": {
              "duration": 301400,
              "status": "passed"
            },
            "line": 25,
            "name": "I run the code",
            "match": {
              "location": "StepDefinition.iRunTheCode()"
            },
            "keyword": "Given ",
            "BDD_STEP_UUID": "28f3fd81-ec3c-4c11-95aa-0b8c6604fdd2"
          },
          {
            "result": {
              "duration": 284000,
              "status": "passed"
            },
            "line": 26,
            "name": "illegal 0 to the power of -10",
            "match": {
              "arguments": [
                {
                  "val": "0",
                  "offset": 8
                },
                {
                  "val": "-10",
                  "offset": 26
                }
              ],
              "location": "StepDefinition.illegalPower(Integer,Integer)"
            },
            "keyword": "When ",
            "BDD_STEP_UUID": "f9e80da0-51ac-4374-9db7-038b06e7421e"
          },
          {
            "result": {
              "duration": 267500,
              "status": "passed"
            },
            "line": 27,
            "name": "I get the Exception \"Undefined for 0^(negative number)\"",
            "match": {
              "arguments": [
                {
                  "val": "\"Undefined for 0^(negative number)\"",
                  "offset": 20
                }
              ],
              "location": "StepDefinition.iGetTheException(String)"
            },
            "keyword": "Then ",
            "BDD_STEP_UUID": "1f7d25b6-2c0e-4cc4-8476-a381f8fe1872"
          }
        ]
      }
    ],
    "name": "power",
    "description": "  I want to use power operator",
    "id": "power",
    "keyword": "Feature",
    "uri": "C:/Users/tugia/Katalon Studio/A3-Calculator/Include/features/CAL-6 Power.feature",
    "tags": []
  }
]