[
  {
    "line": 1,
    "elements": [
      {
        "BDD_TESTRUN_UUID": "a8d8c848-5b16-4037-ba71-c21decedb45e",
        "line": 11,
        "name": "Addition",
        "description": "",
        "id": "add;addition;;2",
        "type": "scenario",
        "keyword": "Scenario Outline",
        "steps": [
          {
            "result": {
              "duration": 544300,
              "status": "passed"
            },
            "line": 5,
            "name": "I run the code",
            "match": {
              "location": "StepDefinition.iRunTheCode()"
            },
            "keyword": "Given ",
            "BDD_STEP_UUID": "4413cbf9-6e4b-498b-b793-865c76add593"
          },
          {
            "result": {
              "duration": 1008000,
              "status": "passed"
            },
            "line": 6,
            "name": "10 plus 20",
            "match": {
              "arguments": [
                {
                  "val": "10",
                  "offset": 0
                },
                {
                  "val": "20",
                  "offset": 8
                }
              ],
              "location": "StepDefinition.aPlusB(int,int)"
            },
            "keyword": "When ",
            "BDD_STEP_UUID": "6ed08d51-16b7-403c-b17f-f54f2a4ac2e7"
          },
          {
            "result": {
              "error_message": "groovy.lang.MissingMethodException: No signature of method: calculator.StepDefinition.assertEquals() is applicable for argument types: (Integer, Integer) values: [30, 30]\r\n\tat org.codehaus.groovy.runtime.ScriptBytecodeAdapter.unwrap(ScriptBytecodeAdapter.java:70)\r\n\tat org.codehaus.groovy.vmplugin.v8.IndyGuardsFiltersAndSignatures.unwrap(IndyGuardsFiltersAndSignatures.java:160)\r\n\tat org.codehaus.groovy.vmplugin.v8.IndyInterface.fromCache(IndyInterface.java:318)\r\n\tat calculator.StepDefinition.iGetTheResultResultInDouble(StepDefinition.groovy:123)\r\n\tat ✽.I get the result 30(C:/Users/tugia/Katalon Studio/A3-Calculator/Include/features/CAL-1 Add.feature:7)\r\n",
              "duration": 1078000,
              "status": "failed"
            },
            "line": 7,
            "name": "I get the result 30",
            "match": {
              "arguments": [
                {
                  "val": "30",
                  "offset": 17
                }
              ],
              "location": "StepDefinition.iGetTheResultResultInDouble(int)"
            },
            "keyword": "Then ",
            "BDD_STEP_UUID": "3e33f698-ac87-405c-ad60-c28605fdeeff"
          }
        ]
      },
      {
        "BDD_TESTRUN_UUID": "91613659-7f36-41c4-952a-0cc47cd1a78e",
        "line": 12,
        "name": "Addition",
        "description": "",
        "id": "add;addition;;3",
        "type": "scenario",
        "keyword": "Scenario Outline",
        "steps": [
          {
            "result": {
              "duration": 568000,
              "status": "passed"
            },
            "line": 5,
            "name": "I run the code",
            "match": {
              "location": "StepDefinition.iRunTheCode()"
            },
            "keyword": "Given ",
            "BDD_STEP_UUID": "57522357-f552-472c-a541-4bb47589d4f7"
          },
          {
            "result": {
              "duration": 972800,
              "status": "passed"
            },
            "line": 6,
            "name": "123 plus 456",
            "match": {
              "arguments": [
                {
                  "val": "123",
                  "offset": 0
                },
                {
                  "val": "456",
                  "offset": 9
                }
              ],
              "location": "StepDefinition.aPlusB(int,int)"
            },
            "keyword": "When ",
            "BDD_STEP_UUID": "2676832e-4980-4221-a30a-4187d520539e"
          },
          {
            "result": {
              "error_message": "groovy.lang.MissingMethodException: No signature of method: calculator.StepDefinition.assertEquals() is applicable for argument types: (Integer, Integer) values: [579, 579]\r\n\tat org.codehaus.groovy.runtime.ScriptBytecodeAdapter.unwrap(ScriptBytecodeAdapter.java:70)\r\n\tat org.codehaus.groovy.vmplugin.v8.IndyGuardsFiltersAndSignatures.unwrap(IndyGuardsFiltersAndSignatures.java:160)\r\n\tat org.codehaus.groovy.vmplugin.v8.IndyInterface.fromCache(IndyInterface.java:318)\r\n\tat calculator.StepDefinition.iGetTheResultResultInDouble(StepDefinition.groovy:123)\r\n\tat ✽.I get the result 579(C:/Users/tugia/Katalon Studio/A3-Calculator/Include/features/CAL-1 Add.feature:7)\r\n",
              "duration": 863600,
              "status": "failed"
            },
            "line": 7,
            "name": "I get the result 579",
            "match": {
              "arguments": [
                {
                  "val": "579",
                  "offset": 17
                }
              ],
              "location": "StepDefinition.iGetTheResultResultInDouble(int)"
            },
            "keyword": "Then ",
            "BDD_STEP_UUID": "654fefff-2c2f-41ba-9025-a88cad250444"
          }
        ]
      },
      {
        "BDD_TESTRUN_UUID": "2c550dfd-996f-4bc5-8c79-9706c58159f3",
        "line": 13,
        "name": "Addition",
        "description": "",
        "id": "add;addition;;4",
        "type": "scenario",
        "keyword": "Scenario Outline",
        "steps": [
          {
            "result": {
              "duration": 587500,
              "status": "passed"
            },
            "line": 5,
            "name": "I run the code",
            "match": {
              "location": "StepDefinition.iRunTheCode()"
            },
            "keyword": "Given ",
            "BDD_STEP_UUID": "b61f79b1-9d1e-404e-8066-75d1ad1cdec3"
          },
          {
            "result": {
              "duration": 552400,
              "status": "passed"
            },
            "line": 6,
            "name": "177 plus 456",
            "match": {
              "arguments": [
                {
                  "val": "177",
                  "offset": 0
                },
                {
                  "val": "456",
                  "offset": 9
                }
              ],
              "location": "StepDefinition.aPlusB(int,int)"
            },
            "keyword": "When ",
            "BDD_STEP_UUID": "3b99c69b-3c37-4e8c-b4f0-8261e63e9d78"
          },
          {
            "result": {
              "error_message": "groovy.lang.MissingMethodException: No signature of method: calculator.StepDefinition.assertEquals() is applicable for argument types: (Integer, Integer) values: [633, 579]\r\n\tat org.codehaus.groovy.runtime.ScriptBytecodeAdapter.unwrap(ScriptBytecodeAdapter.java:70)\r\n\tat org.codehaus.groovy.vmplugin.v8.IndyGuardsFiltersAndSignatures.unwrap(IndyGuardsFiltersAndSignatures.java:160)\r\n\tat org.codehaus.groovy.vmplugin.v8.IndyInterface.fromCache(IndyInterface.java:318)\r\n\tat calculator.StepDefinition.iGetTheResultResultInDouble(StepDefinition.groovy:123)\r\n\tat ✽.I get the result 579(C:/Users/tugia/Katalon Studio/A3-Calculator/Include/features/CAL-1 Add.feature:7)\r\n",
              "duration": 697200,
              "status": "failed"
            },
            "line": 7,
            "name": "I get the result 579",
            "match": {
              "arguments": [
                {
                  "val": "579",
                  "offset": 17
                }
              ],
              "location": "StepDefinition.iGetTheResultResultInDouble(int)"
            },
            "keyword": "Then ",
            "BDD_STEP_UUID": "ae7a1a66-816e-48f2-b43b-9bec244fc4f5"
          }
        ]
      }
    ],
    "name": "add",
    "description": "    I want to use add operator",
    "id": "add",
    "keyword": "Feature",
    "uri": "C:/Users/tugia/Katalon Studio/A3-Calculator/Include/features/CAL-1 Add.feature",
    "tags": []
  }
]