[
  {
    "line": 1,
    "elements": [
      {
        "BDD_TESTRUN_UUID": "6e733b4f-0498-4fc8-aec6-09a258e45d92",
        "line": 11,
        "name": "Exponentiation",
        "description": "",
        "id": "power;exponentiation;;2",
        "type": "scenario",
        "keyword": "Scenario Outline",
        "steps": [
          {
            "result": {
              "duration": 289100,
              "status": "passed"
            },
            "line": 5,
            "name": "I run the code",
            "match": {
              "location": "StepDefinition.iRunTheCode()"
            },
            "keyword": "Given ",
            "BDD_STEP_UUID": "f33a5196-01fb-42d1-b619-2b172658f4ec"
          },
          {
            "result": {
              "duration": 650300,
              "status": "passed"
            },
            "line": 6,
            "name": "10 to the power of 5",
            "match": {
              "arguments": [
                {
                  "val": "10",
                  "offset": 0
                },
                {
                  "val": "5",
                  "offset": 19
                }
              ],
              "location": "StepDefinition.power(Integer,Integer)"
            },
            "keyword": "When ",
            "BDD_STEP_UUID": "28a0b914-46b5-4b70-bdf2-1a2c0abdb789"
          },
          {
            "result": {
              "status": "undefined"
            },
            "line": 7,
            "name": "I get the result 100000 in Double",
            "match": {},
            "keyword": "Then ",
            "BDD_STEP_UUID": "56741ee9-c0af-4152-8ac4-1d9716f5800b"
          }
        ]
      },
      {
        "BDD_TESTRUN_UUID": "a3839c90-4089-47ba-bda1-b831bdd7853e",
        "line": 12,
        "name": "Exponentiation",
        "description": "",
        "id": "power;exponentiation;;3",
        "type": "scenario",
        "keyword": "Scenario Outline",
        "steps": [
          {
            "result": {
              "duration": 436400,
              "status": "passed"
            },
            "line": 5,
            "name": "I run the code",
            "match": {
              "location": "StepDefinition.iRunTheCode()"
            },
            "keyword": "Given ",
            "BDD_STEP_UUID": "e1d06f32-b7c5-48f2-8115-b64ae288c6e5"
          },
          {
            "result": {
              "duration": 643900,
              "status": "passed"
            },
            "line": 6,
            "name": "8 to the power of 3",
            "match": {
              "arguments": [
                {
                  "val": "8",
                  "offset": 0
                },
                {
                  "val": "3",
                  "offset": 18
                }
              ],
              "location": "StepDefinition.power(Integer,Integer)"
            },
            "keyword": "When ",
            "BDD_STEP_UUID": "dfd7c5f2-6466-40fb-b171-032a01289bf8"
          },
          {
            "result": {
              "status": "undefined"
            },
            "line": 7,
            "name": "I get the result 512 in Double",
            "match": {},
            "keyword": "Then ",
            "BDD_STEP_UUID": "e58b4b02-576d-48f2-b264-6ebef885d47b"
          }
        ]
      },
      {
        "BDD_TESTRUN_UUID": "1b7babf3-1f3d-4c1f-a038-a28008dcfe6b",
        "line": 21,
        "name": "Negative Exponentiation",
        "description": "",
        "id": "power;negative-exponentiation;;2",
        "type": "scenario",
        "keyword": "Scenario Outline",
        "steps": [
          {
            "result": {
              "duration": 264300,
              "status": "passed"
            },
            "line": 15,
            "name": "I run the code",
            "match": {
              "location": "StepDefinition.iRunTheCode()"
            },
            "keyword": "Given ",
            "BDD_STEP_UUID": "36e4ed36-c8e6-435a-8917-ae9c1895e341"
          },
          {
            "result": {
              "duration": 328400,
              "status": "passed"
            },
            "line": 16,
            "name": "10 to the power of -5",
            "match": {
              "arguments": [
                {
                  "val": "10",
                  "offset": 0
                },
                {
                  "val": "-5",
                  "offset": 19
                }
              ],
              "location": "StepDefinition.power(Integer,Integer)"
            },
            "keyword": "When ",
            "BDD_STEP_UUID": "7f3d0327-ebb9-435b-90b0-18076cfb8d21"
          },
          {
            "result": {
              "duration": 5142700,
              "status": "passed"
            },
            "line": 17,
            "name": "I get the result 0.000001 in Double with 5",
            "match": {
              "arguments": [
                {
                  "val": "0.000001",
                  "offset": 17
                },
                {
                  "val": "5",
                  "offset": 41
                }
              ],
              "location": "StepDefinition.iGetTheResultResultInDouble(double,int)"
            },
            "keyword": "Then ",
            "BDD_STEP_UUID": "d40020fd-c2f8-4c26-ae09-e930c85099fc"
          }
        ]
      },
      {
        "BDD_TESTRUN_UUID": "247bf24b-c388-4c01-90ce-1dc6c60e42ea",
        "line": 22,
        "name": "Negative Exponentiation",
        "description": "",
        "id": "power;negative-exponentiation;;3",
        "type": "scenario",
        "keyword": "Scenario Outline",
        "steps": [
          {
            "result": {
              "duration": 467800,
              "status": "passed"
            },
            "line": 15,
            "name": "I run the code",
            "match": {
              "location": "StepDefinition.iRunTheCode()"
            },
            "keyword": "Given ",
            "BDD_STEP_UUID": "c619f624-e523-4489-b8fc-bacf84c1e213"
          },
          {
            "result": {
              "duration": 396500,
              "status": "passed"
            },
            "line": 16,
            "name": "27 to the power of -3",
            "match": {
              "arguments": [
                {
                  "val": "27",
                  "offset": 0
                },
                {
                  "val": "-3",
                  "offset": 19
                }
              ],
              "location": "StepDefinition.power(Integer,Integer)"
            },
            "keyword": "When ",
            "BDD_STEP_UUID": "3440a2b7-a407-428d-9135-b95819512b93"
          },
          {
            "result": {
              "duration": 690000,
              "status": "passed"
            },
            "line": 17,
            "name": "I get the result 0.00000508 in Double with 8",
            "match": {
              "arguments": [
                {
                  "val": "0.00000508",
                  "offset": 17
                },
                {
                  "val": "8",
                  "offset": 43
                }
              ],
              "location": "StepDefinition.iGetTheResultResultInDouble(double,int)"
            },
            "keyword": "Then ",
            "BDD_STEP_UUID": "fa2218ae-e21b-447e-ad92-7eaca1c7864e"
          }
        ]
      },
      {
        "BDD_TESTRUN_UUID": "0c330659-d3d6-4963-9879-58375589d544",
        "line": 31,
        "name": "Error Exponentiation",
        "description": "",
        "id": "power;error-exponentiation;;2",
        "type": "scenario",
        "keyword": "Scenario Outline",
        "steps": [
          {
            "result": {
              "duration": 281700,
              "status": "passed"
            },
            "line": 25,
            "name": "I run the code",
            "match": {
              "location": "StepDefinition.iRunTheCode()"
            },
            "keyword": "Given ",
            "BDD_STEP_UUID": "8865cc4c-d41f-460f-8275-f3f2d591d465"
          },
          {
            "result": {
              "duration": 4975200,
              "status": "passed"
            },
            "line": 26,
            "name": "illegal 0 to the power of -10",
            "match": {
              "arguments": [
                {
                  "val": "0",
                  "offset": 8
                },
                {
                  "val": "-10",
                  "offset": 26
                }
              ],
              "location": "StepDefinition.illegalPower(Integer,Integer)"
            },
            "keyword": "When ",
            "BDD_STEP_UUID": "8f914728-1797-4499-b7a5-bfddf7615f4f"
          },
          {
            "result": {
              "duration": 282200,
              "status": "passed"
            },
            "line": 27,
            "name": "I get the Exception \"Undefined for 0^(negative number)\"",
            "match": {
              "arguments": [
                {
                  "val": "\"Undefined for 0^(negative number)\"",
                  "offset": 20
                }
              ],
              "location": "StepDefinition.iGetTheException(String)"
            },
            "keyword": "Then ",
            "BDD_STEP_UUID": "c613b930-4c9e-4538-b69c-f4df66bef77f"
          }
        ]
      }
    ],
    "name": "power",
    "description": "  I want to use power operator",
    "id": "power",
    "keyword": "Feature",
    "uri": "C:/Users/tugia/Katalon Studio/A3-Calculator/Include/features/CAL-6 Power.feature",
    "tags": []
  }
]