[
  {
    "line": 1,
    "elements": [
      {
        "BDD_TESTRUN_UUID": "f392a409-1c6f-4f43-b824-17457f31cb2c",
        "line": 11,
        "name": "Division",
        "description": "",
        "id": "divide;division;;2",
        "type": "scenario",
        "keyword": "Scenario Outline",
        "steps": [
          {
            "result": {
              "duration": 414600,
              "status": "passed"
            },
            "line": 5,
            "name": "I run the code",
            "match": {
              "location": "StepDefinition.iRunTheCode()"
            },
            "keyword": "Given ",
            "BDD_STEP_UUID": "b2498c63-d0b0-43b9-a120-16b0d4bacf2a"
          },
          {
            "result": {
              "duration": 2129000,
              "status": "passed"
            },
            "line": 6,
            "name": "10 divide 20",
            "match": {
              "arguments": [
                {
                  "val": "10",
                  "offset": 0
                },
                {
                  "val": "20",
                  "offset": 10
                }
              ],
              "location": "StepDefinition.divide(Integer,Integer)"
            },
            "keyword": "When ",
            "BDD_STEP_UUID": "7469930a-0c65-40cc-8dd5-9ba5a7c06b67"
          },
          {
            "result": {
              "duration": 8704400,
              "status": "passed"
            },
            "line": 7,
            "name": "I get the result 0.5 in Double",
            "match": {
              "arguments": [
                {
                  "val": "0.5",
                  "offset": 17
                }
              ],
              "location": "StepDefinition.iGetTheResultResultInDouble(double)"
            },
            "keyword": "Then ",
            "BDD_STEP_UUID": "e17e0ace-0a87-47a2-a83f-5ad5870a13a4"
          }
        ]
      },
      {
        "BDD_TESTRUN_UUID": "6057137b-77ff-4474-96de-85d2fdf41a75",
        "line": 12,
        "name": "Division",
        "description": "",
        "id": "divide;division;;3",
        "type": "scenario",
        "keyword": "Scenario Outline",
        "steps": [
          {
            "result": {
              "duration": 441400,
              "status": "passed"
            },
            "line": 5,
            "name": "I run the code",
            "match": {
              "location": "StepDefinition.iRunTheCode()"
            },
            "keyword": "Given ",
            "BDD_STEP_UUID": "f2dae3ef-f703-453b-a5ff-ffae0f27232e"
          },
          {
            "result": {
              "duration": 416300,
              "status": "passed"
            },
            "line": 6,
            "name": "222 divide 111",
            "match": {
              "arguments": [
                {
                  "val": "222",
                  "offset": 0
                },
                {
                  "val": "111",
                  "offset": 11
                }
              ],
              "location": "StepDefinition.divide(Integer,Integer)"
            },
            "keyword": "When ",
            "BDD_STEP_UUID": "fadd377b-d6ba-41ea-a71f-33bf700007c1"
          },
          {
            "result": {
              "status": "undefined"
            },
            "line": 7,
            "name": "I get the result 2 in Double",
            "match": {},
            "keyword": "Then ",
            "BDD_STEP_UUID": "d86198ed-4e68-4151-b5c9-5e98fab72193"
          }
        ]
      },
      {
        "BDD_TESTRUN_UUID": "de6006d4-b000-437f-821c-ffc254cfaafa",
        "line": 13,
        "name": "Division",
        "description": "",
        "id": "divide;division;;4",
        "type": "scenario",
        "keyword": "Scenario Outline",
        "steps": [
          {
            "result": {
              "duration": 503200,
              "status": "passed"
            },
            "line": 5,
            "name": "I run the code",
            "match": {
              "location": "StepDefinition.iRunTheCode()"
            },
            "keyword": "Given ",
            "BDD_STEP_UUID": "f3e69338-a6c3-4101-9afa-718bc278ef60"
          },
          {
            "result": {
              "duration": 672700,
              "status": "passed"
            },
            "line": 6,
            "name": "132 divide 1",
            "match": {
              "arguments": [
                {
                  "val": "132",
                  "offset": 0
                },
                {
                  "val": "1",
                  "offset": 11
                }
              ],
              "location": "StepDefinition.divide(Integer,Integer)"
            },
            "keyword": "When ",
            "BDD_STEP_UUID": "340e7909-63e8-4702-8a33-2492d15e8339"
          },
          {
            "result": {
              "status": "undefined"
            },
            "line": 7,
            "name": "I get the result 132 in Double",
            "match": {},
            "keyword": "Then ",
            "BDD_STEP_UUID": "a0558685-7b13-4aca-907e-095707c9481c"
          }
        ]
      },
      {
        "BDD_TESTRUN_UUID": "4a78bec0-a597-4b29-b6c3-82d32ae137d1",
        "line": 22,
        "name": "Illegal Division",
        "description": "",
        "id": "divide;illegal-division;;2",
        "type": "scenario",
        "keyword": "Scenario Outline",
        "steps": [
          {
            "result": {
              "duration": 427700,
              "status": "passed"
            },
            "line": 16,
            "name": "I run the code",
            "match": {
              "location": "StepDefinition.iRunTheCode()"
            },
            "keyword": "Given ",
            "BDD_STEP_UUID": "217f4cf4-16e0-49f8-bf6f-f5f0572f48b8"
          },
          {
            "result": {
              "duration": 14071000,
              "status": "passed"
            },
            "line": 17,
            "name": "10 illegal divide 0",
            "match": {
              "arguments": [
                {
                  "val": "10",
                  "offset": 0
                },
                {
                  "val": "0",
                  "offset": 18
                }
              ],
              "location": "StepDefinition.aIllegalDivideB(Integer,Integer)"
            },
            "keyword": "When ",
            "BDD_STEP_UUID": "354063dc-2c4e-4df9-a7d9-ee153a0d6ca4"
          },
          {
            "result": {
              "duration": 1871800,
              "status": "passed"
            },
            "line": 18,
            "name": "I get the Exception \"Divisor cannot be zero\"",
            "match": {
              "arguments": [
                {
                  "val": "\"Divisor cannot be zero\"",
                  "offset": 20
                }
              ],
              "location": "StepDefinition.iGetTheException(String)"
            },
            "keyword": "Then ",
            "BDD_STEP_UUID": "272c23a2-a1fa-4a5d-9bd3-1bf886acf9e8"
          }
        ]
      }
    ],
    "name": "divide",
    "description": "  I want to use divide operator",
    "id": "divide",
    "keyword": "Feature",
    "uri": "C:/Users/tugia/Katalon Studio/A3-Calculator/Include/features/CAL-4 Divide.feature",
    "tags": []
  }
]