[
  {
    "line": 1,
    "elements": [
      {
        "BDD_TESTRUN_UUID": "f2a40951-00b6-4483-97d8-f946ff85bedc",
        "line": 11,
        "name": "Subtraction",
        "description": "",
        "id": "minus;subtraction;;2",
        "type": "scenario",
        "keyword": "Scenario Outline",
        "steps": [
          {
            "result": {
              "duration": 687200,
              "status": "passed"
            },
            "line": 5,
            "name": "I run the code",
            "match": {
              "location": "StepDefinition.iRunTheCode()"
            },
            "keyword": "Given ",
            "BDD_STEP_UUID": "4b69f3e8-19da-4e4e-9356-2b0dcf41a685"
          },
          {
            "result": {
              "duration": 2270700,
              "status": "passed"
            },
            "line": 6,
            "name": "10 minus 20",
            "match": {
              "arguments": [
                {
                  "val": "10",
                  "offset": 0
                },
                {
                  "val": "20",
                  "offset": 9
                }
              ],
              "location": "StepDefinition.minus(Integer,Integer)"
            },
            "keyword": "When ",
            "BDD_STEP_UUID": "4258208a-a94f-4261-97ea-5fde13576708"
          },
          {
            "result": {
              "duration": 675700,
              "status": "passed"
            },
            "line": 7,
            "name": "I get the result -10",
            "match": {
              "arguments": [
                {
                  "val": "-10",
                  "offset": 17
                }
              ],
              "location": "StepDefinition.iGetTheResultResultInDouble(int)"
            },
            "keyword": "Then ",
            "BDD_STEP_UUID": "58e0d886-bcb8-4a1f-8eed-995fc1779260"
          }
        ]
      },
      {
        "BDD_TESTRUN_UUID": "44e53f3c-51af-4566-ae24-738c5ea39cb8",
        "line": 12,
        "name": "Subtraction",
        "description": "",
        "id": "minus;subtraction;;3",
        "type": "scenario",
        "keyword": "Scenario Outline",
        "steps": [
          {
            "result": {
              "duration": 645800,
              "status": "passed"
            },
            "line": 5,
            "name": "I run the code",
            "match": {
              "location": "StepDefinition.iRunTheCode()"
            },
            "keyword": "Given ",
            "BDD_STEP_UUID": "58f4fd1e-1c1e-481d-92a3-f7b4a906304f"
          },
          {
            "result": {
              "duration": 1021000,
              "status": "passed"
            },
            "line": 6,
            "name": "222 minus 111",
            "match": {
              "arguments": [
                {
                  "val": "222",
                  "offset": 0
                },
                {
                  "val": "111",
                  "offset": 10
                }
              ],
              "location": "StepDefinition.minus(Integer,Integer)"
            },
            "keyword": "When ",
            "BDD_STEP_UUID": "97bb5c5c-3aba-4242-add1-fc93435720d0"
          },
          {
            "result": {
              "duration": 620400,
              "status": "passed"
            },
            "line": 7,
            "name": "I get the result 111",
            "match": {
              "arguments": [
                {
                  "val": "111",
                  "offset": 17
                }
              ],
              "location": "StepDefinition.iGetTheResultResultInDouble(int)"
            },
            "keyword": "Then ",
            "BDD_STEP_UUID": "f5627e6e-a123-464f-8b22-342742a7f6dd"
          }
        ]
      },
      {
        "BDD_TESTRUN_UUID": "d76c1390-5093-46f3-99d2-23c0a6496e44",
        "line": 13,
        "name": "Subtraction",
        "description": "",
        "id": "minus;subtraction;;4",
        "type": "scenario",
        "keyword": "Scenario Outline",
        "steps": [
          {
            "result": {
              "duration": 757100,
              "status": "passed"
            },
            "line": 5,
            "name": "I run the code",
            "match": {
              "location": "StepDefinition.iRunTheCode()"
            },
            "keyword": "Given ",
            "BDD_STEP_UUID": "11d00f9e-2efd-42e8-bb3a-110262070d98"
          },
          {
            "result": {
              "duration": 730000,
              "status": "passed"
            },
            "line": 6,
            "name": "100 minus -78",
            "match": {
              "arguments": [
                {
                  "val": "100",
                  "offset": 0
                },
                {
                  "val": "-78",
                  "offset": 10
                }
              ],
              "location": "StepDefinition.minus(Integer,Integer)"
            },
            "keyword": "When ",
            "BDD_STEP_UUID": "45728094-aec7-4754-a8b7-ea90e28d46c2"
          },
          {
            "result": {
              "duration": 2634400,
              "status": "passed"
            },
            "line": 7,
            "name": "I get the result 178",
            "match": {
              "arguments": [
                {
                  "val": "178",
                  "offset": 17
                }
              ],
              "location": "StepDefinition.iGetTheResultResultInDouble(int)"
            },
            "keyword": "Then ",
            "BDD_STEP_UUID": "4be908b3-297e-4dc0-a80e-a23bf0ad51b5"
          }
        ]
      }
    ],
    "name": "minus",
    "description": "  I want to use minus operator",
    "id": "minus",
    "keyword": "Feature",
    "uri": "C:/Users/tugia/Katalon Studio/A3-Calculator/Include/features/CAL-2 Minus.feature",
    "tags": []
  }
]