[
  {
    "line": 1,
    "elements": [
      {
        "line": 11,
        "name": "Addition",
        "description": "",
        "id": "add;addition;;2",
        "type": "scenario",
        "keyword": "Scenario Outline",
        "steps": [
          {
            "result": {
              "duration": 679400,
              "status": "passed"
            },
            "line": 5,
            "name": "I run the code",
            "match": {
              "location": "StepDefinition.iRunTheCode()"
            },
            "keyword": "Given "
          },
          {
            "result": {
              "duration": 1102400,
              "status": "passed"
            },
            "line": 6,
            "name": "10 plus 20",
            "match": {
              "arguments": [
                {
                  "val": "10",
                  "offset": 0
                },
                {
                  "val": "20",
                  "offset": 8
                }
              ],
              "location": "StepDefinition.aPlusB(int,int)"
            },
            "keyword": "When "
          },
          {
            "result": {
              "duration": 672600,
              "status": "passed"
            },
            "line": 7,
            "name": "I get the result 30",
            "match": {
              "arguments": [
                {
                  "val": "30",
                  "offset": 17
                }
              ],
              "location": "StepDefinition.iGetTheResultResultInDouble(int)"
            },
            "keyword": "Then "
          }
        ]
      },
      {
        "line": 12,
        "name": "Addition",
        "description": "",
        "id": "add;addition;;3",
        "type": "scenario",
        "keyword": "Scenario Outline",
        "steps": [
          {
            "result": {
              "duration": 578100,
              "status": "passed"
            },
            "line": 5,
            "name": "I run the code",
            "match": {
              "location": "StepDefinition.iRunTheCode()"
            },
            "keyword": "Given "
          },
          {
            "result": {
              "duration": 509400,
              "status": "passed"
            },
            "line": 6,
            "name": "123 plus 456",
            "match": {
              "arguments": [
                {
                  "val": "123",
                  "offset": 0
                },
                {
                  "val": "456",
                  "offset": 9
                }
              ],
              "location": "StepDefinition.aPlusB(int,int)"
            },
            "keyword": "When "
          },
          {
            "result": {
              "duration": 532500,
              "status": "passed"
            },
            "line": 7,
            "name": "I get the result 579",
            "match": {
              "arguments": [
                {
                  "val": "579",
                  "offset": 17
                }
              ],
              "location": "StepDefinition.iGetTheResultResultInDouble(int)"
            },
            "keyword": "Then "
          }
        ]
      },
      {
        "line": 13,
        "name": "Addition",
        "description": "",
        "id": "add;addition;;4",
        "type": "scenario",
        "keyword": "Scenario Outline",
        "steps": [
          {
            "result": {
              "duration": 801500,
              "status": "passed"
            },
            "line": 5,
            "name": "I run the code",
            "match": {
              "location": "StepDefinition.iRunTheCode()"
            },
            "keyword": "Given "
          },
          {
            "result": {
              "duration": 704700,
              "status": "passed"
            },
            "line": 6,
            "name": "177 plus 456",
            "match": {
              "arguments": [
                {
                  "val": "177",
                  "offset": 0
                },
                {
                  "val": "456",
                  "offset": 9
                }
              ],
              "location": "StepDefinition.aPlusB(int,int)"
            },
            "keyword": "When "
          },
          {
            "result": {
              "error_message": "java.lang.AssertionError: expected:\u003c633\u003e but was:\u003c579\u003e\r\n\tat org.junit.Assert.fail(Assert.java:89)\r\n\tat org.junit.Assert.failNotEquals(Assert.java:835)\r\n\tat org.junit.Assert.assertEquals(Assert.java:647)\r\n\tat org.junit.Assert.assertEquals(Assert.java:633)\r\n\tat org.codehaus.groovy.vmplugin.v8.IndyInterface.fromCache(IndyInterface.java:318)\r\n\tat calculator.StepDefinition.iGetTheResultResultInDouble(StepDefinition.groovy:124)\r\n\tat ✽.I get the result 579(C:/Users/tugia/Katalon Studio/A3-Calculator/Include/features/CAL-1 Add.feature:7)\r\n",
              "duration": 641100,
              "status": "failed"
            },
            "line": 7,
            "name": "I get the result 579",
            "match": {
              "arguments": [
                {
                  "val": "579",
                  "offset": 17
                }
              ],
              "location": "StepDefinition.iGetTheResultResultInDouble(int)"
            },
            "keyword": "Then "
          }
        ]
      }
    ],
    "name": "add",
    "description": "    I want to use add operator",
    "id": "add",
    "keyword": "Feature",
    "uri": "C:/Users/tugia/Katalon Studio/A3-Calculator/Include/features/CAL-1 Add.feature",
    "tags": []
  }
]