[
  {
    "line": 1,
    "elements": [
      {
        "BDD_TESTRUN_UUID": "1ad4687d-2a31-4aa4-8feb-1dae80f34a54",
        "line": 11,
        "name": "GCD",
        "description": "",
        "id": "gcd;gcd;;2",
        "type": "scenario",
        "keyword": "Scenario Outline",
        "steps": [
          {
            "result": {
              "duration": 226500,
              "status": "passed"
            },
            "line": 5,
            "name": "I run the code",
            "match": {
              "location": "StepDefinition.iRunTheCode()"
            },
            "keyword": "Given ",
            "BDD_STEP_UUID": "dbf67314-1b8b-4e0b-bebd-d814e485da97"
          },
          {
            "result": {
              "duration": 422800,
              "status": "passed"
            },
            "line": 6,
            "name": "92 gcd 312",
            "match": {
              "arguments": [
                {
                  "val": "92",
                  "offset": 0
                },
                {
                  "val": "312",
                  "offset": 7
                }
              ],
              "location": "StepDefinition.gcd(Integer,Integer)"
            },
            "keyword": "When ",
            "BDD_STEP_UUID": "6b0c2188-e593-4f46-9e78-6e32cde07daf"
          },
          {
            "result": {
              "error_message": "groovy.lang.MissingMethodException: No signature of method: calculator.StepDefinition.assertEquals() is applicable for argument types: (Integer, Integer) values: [4, 4]\r\n\tat org.codehaus.groovy.runtime.ScriptBytecodeAdapter.unwrap(ScriptBytecodeAdapter.java:70)\r\n\tat org.codehaus.groovy.vmplugin.v8.IndyGuardsFiltersAndSignatures.unwrap(IndyGuardsFiltersAndSignatures.java:160)\r\n\tat org.codehaus.groovy.vmplugin.v8.IndyInterface.fromCache(IndyInterface.java:318)\r\n\tat calculator.StepDefinition.iGetTheResultResultInDouble(StepDefinition.groovy:123)\r\n\tat ✽.I get the result 4(C:/Users/tugia/Katalon Studio/A3-Calculator/Include/features/CAL-7 GCD.feature:7)\r\n",
              "duration": 890600,
              "status": "failed"
            },
            "line": 7,
            "name": "I get the result 4",
            "match": {
              "arguments": [
                {
                  "val": "4",
                  "offset": 17
                }
              ],
              "location": "StepDefinition.iGetTheResultResultInDouble(int)"
            },
            "keyword": "Then ",
            "BDD_STEP_UUID": "c3c3a735-7179-4f09-b0de-010cb126aac7"
          }
        ]
      },
      {
        "BDD_TESTRUN_UUID": "c0f74390-fd01-4e10-858f-649739542033",
        "line": 12,
        "name": "GCD",
        "description": "",
        "id": "gcd;gcd;;3",
        "type": "scenario",
        "keyword": "Scenario Outline",
        "steps": [
          {
            "result": {
              "duration": 368400,
              "status": "passed"
            },
            "line": 5,
            "name": "I run the code",
            "match": {
              "location": "StepDefinition.iRunTheCode()"
            },
            "keyword": "Given ",
            "BDD_STEP_UUID": "d2cd916d-3b64-4d2f-891e-dbb267064281"
          },
          {
            "result": {
              "duration": 340700,
              "status": "passed"
            },
            "line": 6,
            "name": "222 gcd 111",
            "match": {
              "arguments": [
                {
                  "val": "222",
                  "offset": 0
                },
                {
                  "val": "111",
                  "offset": 8
                }
              ],
              "location": "StepDefinition.gcd(Integer,Integer)"
            },
            "keyword": "When ",
            "BDD_STEP_UUID": "22f2c31b-e951-4569-9a1a-c44bcb2cc5b0"
          },
          {
            "result": {
              "error_message": "groovy.lang.MissingMethodException: No signature of method: calculator.StepDefinition.assertEquals() is applicable for argument types: (Integer, Integer) values: [111, 111]\r\n\tat org.codehaus.groovy.runtime.ScriptBytecodeAdapter.unwrap(ScriptBytecodeAdapter.java:70)\r\n\tat org.codehaus.groovy.vmplugin.v8.IndyGuardsFiltersAndSignatures.unwrap(IndyGuardsFiltersAndSignatures.java:160)\r\n\tat org.codehaus.groovy.vmplugin.v8.IndyInterface.fromCache(IndyInterface.java:318)\r\n\tat calculator.StepDefinition.iGetTheResultResultInDouble(StepDefinition.groovy:123)\r\n\tat ✽.I get the result 111(C:/Users/tugia/Katalon Studio/A3-Calculator/Include/features/CAL-7 GCD.feature:7)\r\n",
              "duration": 558200,
              "status": "failed"
            },
            "line": 7,
            "name": "I get the result 111",
            "match": {
              "arguments": [
                {
                  "val": "111",
                  "offset": 17
                }
              ],
              "location": "StepDefinition.iGetTheResultResultInDouble(int)"
            },
            "keyword": "Then ",
            "BDD_STEP_UUID": "89892d9f-beb0-42d6-82d8-80c74c236353"
          }
        ]
      },
      {
        "BDD_TESTRUN_UUID": "feb11633-4c4e-41a1-aad5-22b0485d9b30",
        "line": 21,
        "name": "Illegal GCD",
        "description": "",
        "id": "gcd;illegal-gcd;;2",
        "type": "scenario",
        "keyword": "Scenario Outline",
        "steps": [
          {
            "result": {
              "duration": 238700,
              "status": "passed"
            },
            "line": 15,
            "name": "I run the code",
            "match": {
              "location": "StepDefinition.iRunTheCode()"
            },
            "keyword": "Given ",
            "BDD_STEP_UUID": "a5022e72-e774-4778-a924-d3436a323b27"
          },
          {
            "result": {
              "duration": 377300,
              "status": "passed"
            },
            "line": 16,
            "name": "0 illegal gcd 0",
            "match": {
              "arguments": [
                {
                  "val": "0",
                  "offset": 0
                },
                {
                  "val": "0",
                  "offset": 14
                }
              ],
              "location": "StepDefinition.aIllegalGCDB(Integer,Integer)"
            },
            "keyword": "When ",
            "BDD_STEP_UUID": "6ceffb38-a76b-4348-8aea-d9d974146377"
          },
          {
            "result": {
              "error_message": "groovy.lang.MissingMethodException: No signature of method: calculator.StepDefinition.assertEquals() is applicable for argument types: (String, String) values: [GCD(0, 0) is undefined, GCD(0, 0) is undefined]\r\n\tat org.codehaus.groovy.runtime.ScriptBytecodeAdapter.unwrap(ScriptBytecodeAdapter.java:70)\r\n\tat org.codehaus.groovy.vmplugin.v8.IndyGuardsFiltersAndSignatures.unwrap(IndyGuardsFiltersAndSignatures.java:160)\r\n\tat org.codehaus.groovy.vmplugin.v8.IndyInterface.fromCache(IndyInterface.java:318)\r\n\tat calculator.StepDefinition.iGetTheException(StepDefinition.groovy:197)\r\n\tat ✽.I get the Exception \"GCD(0, 0) is undefined\"(C:/Users/tugia/Katalon Studio/A3-Calculator/Include/features/CAL-7 GCD.feature:17)\r\n",
              "duration": 688200,
              "status": "failed"
            },
            "line": 17,
            "name": "I get the Exception \"GCD(0, 0) is undefined\"",
            "match": {
              "arguments": [
                {
                  "val": "\"GCD(0, 0) is undefined\"",
                  "offset": 20
                }
              ],
              "location": "StepDefinition.iGetTheException(String)"
            },
            "keyword": "Then ",
            "BDD_STEP_UUID": "40cf2c28-b9c8-4e88-a2b8-d2b3aaec757c"
          }
        ]
      }
    ],
    "name": "gcd",
    "description": "  I want to use GCD operator",
    "id": "gcd",
    "keyword": "Feature",
    "uri": "C:/Users/tugia/Katalon Studio/A3-Calculator/Include/features/CAL-7 GCD.feature",
    "tags": []
  }
]