[
  {
    "line": 1,
    "elements": [
      {
        "BDD_TESTRUN_UUID": "65e816b6-65ef-468e-8c58-c47ff8b0ad6e",
        "line": 11,
        "name": "Exponentiation",
        "description": "",
        "id": "power;exponentiation;;2",
        "type": "scenario",
        "keyword": "Scenario Outline",
        "steps": [
          {
            "result": {
              "duration": 372700,
              "status": "passed"
            },
            "line": 5,
            "name": "I run the code",
            "match": {
              "location": "StepDefinition.iRunTheCode()"
            },
            "keyword": "Given ",
            "BDD_STEP_UUID": "157af243-83bb-424f-87a5-3a954b4ea19b"
          },
          {
            "result": {
              "duration": 600100,
              "status": "passed"
            },
            "line": 6,
            "name": "10 to the power of 5",
            "match": {
              "arguments": [
                {
                  "val": "10",
                  "offset": 0
                },
                {
                  "val": "5",
                  "offset": 19
                }
              ],
              "location": "StepDefinition.power(Integer,Integer)"
            },
            "keyword": "When ",
            "BDD_STEP_UUID": "15599983-ebae-4847-b85e-692fcb6137d5"
          },
          {
            "result": {
              "status": "undefined"
            },
            "line": 7,
            "name": "I get the result 100000 in Double",
            "match": {},
            "keyword": "Then ",
            "BDD_STEP_UUID": "7b7e9e63-a7ef-4977-8e1f-2dac87bf4867"
          }
        ]
      },
      {
        "BDD_TESTRUN_UUID": "8fc89d4f-3ba5-4743-b79f-0116d8484402",
        "line": 12,
        "name": "Exponentiation",
        "description": "",
        "id": "power;exponentiation;;3",
        "type": "scenario",
        "keyword": "Scenario Outline",
        "steps": [
          {
            "result": {
              "duration": 237100,
              "status": "passed"
            },
            "line": 5,
            "name": "I run the code",
            "match": {
              "location": "StepDefinition.iRunTheCode()"
            },
            "keyword": "Given ",
            "BDD_STEP_UUID": "af15330c-ae43-4076-8bba-33435c742aa8"
          },
          {
            "result": {
              "duration": 276600,
              "status": "passed"
            },
            "line": 6,
            "name": "8 to the power of 3",
            "match": {
              "arguments": [
                {
                  "val": "8",
                  "offset": 0
                },
                {
                  "val": "3",
                  "offset": 18
                }
              ],
              "location": "StepDefinition.power(Integer,Integer)"
            },
            "keyword": "When ",
            "BDD_STEP_UUID": "b9d06768-81b2-4ec6-be78-178635f224eb"
          },
          {
            "result": {
              "status": "undefined"
            },
            "line": 7,
            "name": "I get the result 512 in Double",
            "match": {},
            "keyword": "Then ",
            "BDD_STEP_UUID": "05bad4dd-7a2b-4714-9d9a-1bb3ec4c6f15"
          }
        ]
      },
      {
        "BDD_TESTRUN_UUID": "dba93cd2-9c8b-42c7-9b50-f84ba5a093bf",
        "line": 21,
        "name": "Negative Exponentiation",
        "description": "",
        "id": "power;negative-exponentiation;;2",
        "type": "scenario",
        "keyword": "Scenario Outline",
        "steps": [
          {
            "result": {
              "duration": 506800,
              "status": "passed"
            },
            "line": 15,
            "name": "I run the code",
            "match": {
              "location": "StepDefinition.iRunTheCode()"
            },
            "keyword": "Given ",
            "BDD_STEP_UUID": "c64bbe30-d576-47a5-b8de-06759c978e7c"
          },
          {
            "result": {
              "duration": 334300,
              "status": "passed"
            },
            "line": 16,
            "name": "10 to the power of -5",
            "match": {
              "arguments": [
                {
                  "val": "10",
                  "offset": 0
                },
                {
                  "val": "-5",
                  "offset": 19
                }
              ],
              "location": "StepDefinition.power(Integer,Integer)"
            },
            "keyword": "When ",
            "BDD_STEP_UUID": "03df6cff-546b-489b-a738-36086fdb800c"
          },
          {
            "result": {
              "error_message": "groovy.lang.MissingMethodException: No signature of method: calculator.StepDefinition.assertEquals() is applicable for argument types: (Double, Double, Integer) values: [0.0, 1.0E-6, 5]\r\n\tat org.codehaus.groovy.runtime.ScriptBytecodeAdapter.unwrap(ScriptBytecodeAdapter.java:70)\r\n\tat org.codehaus.groovy.vmplugin.v8.IndyGuardsFiltersAndSignatures.unwrap(IndyGuardsFiltersAndSignatures.java:160)\r\n\tat org.codehaus.groovy.vmplugin.v8.IndyInterface.fromCache(IndyInterface.java:318)\r\n\tat calculator.StepDefinition.iGetTheResultResultInDouble(StepDefinition.groovy:133)\r\n\tat ✽.I get the result 0.000001 in Double with 5(C:/Users/tugia/Katalon Studio/A3-Calculator/Include/features/CAL-6 Power.feature:17)\r\n",
              "duration": 8302000,
              "status": "failed"
            },
            "line": 17,
            "name": "I get the result 0.000001 in Double with 5",
            "match": {
              "arguments": [
                {
                  "val": "0.000001",
                  "offset": 17
                },
                {
                  "val": "5",
                  "offset": 41
                }
              ],
              "location": "StepDefinition.iGetTheResultResultInDouble(double,int)"
            },
            "keyword": "Then ",
            "BDD_STEP_UUID": "d3bd00f0-8341-4ba4-820f-71d054f66f93"
          }
        ]
      },
      {
        "BDD_TESTRUN_UUID": "a551c43c-4dde-4be8-8943-2dc780f0c865",
        "line": 22,
        "name": "Negative Exponentiation",
        "description": "",
        "id": "power;negative-exponentiation;;3",
        "type": "scenario",
        "keyword": "Scenario Outline",
        "steps": [
          {
            "result": {
              "duration": 267200,
              "status": "passed"
            },
            "line": 15,
            "name": "I run the code",
            "match": {
              "location": "StepDefinition.iRunTheCode()"
            },
            "keyword": "Given ",
            "BDD_STEP_UUID": "f9ecf7bd-d686-4784-afad-bf099f8e1c43"
          },
          {
            "result": {
              "duration": 356400,
              "status": "passed"
            },
            "line": 16,
            "name": "27 to the power of -3",
            "match": {
              "arguments": [
                {
                  "val": "27",
                  "offset": 0
                },
                {
                  "val": "-3",
                  "offset": 19
                }
              ],
              "location": "StepDefinition.power(Integer,Integer)"
            },
            "keyword": "When ",
            "BDD_STEP_UUID": "cd6f6044-faff-4ec5-92ad-806c68985245"
          },
          {
            "result": {
              "error_message": "groovy.lang.MissingMethodException: No signature of method: calculator.StepDefinition.assertEquals() is applicable for argument types: (Double, Double, Integer) values: [0.0, 5.08E-6, 8]\r\n\tat org.codehaus.groovy.runtime.ScriptBytecodeAdapter.unwrap(ScriptBytecodeAdapter.java:70)\r\n\tat org.codehaus.groovy.vmplugin.v8.IndyGuardsFiltersAndSignatures.unwrap(IndyGuardsFiltersAndSignatures.java:160)\r\n\tat org.codehaus.groovy.vmplugin.v8.IndyInterface.fromCache(IndyInterface.java:318)\r\n\tat calculator.StepDefinition.iGetTheResultResultInDouble(StepDefinition.groovy:133)\r\n\tat ✽.I get the result 0.00000508 in Double with 8(C:/Users/tugia/Katalon Studio/A3-Calculator/Include/features/CAL-6 Power.feature:17)\r\n",
              "duration": 429700,
              "status": "failed"
            },
            "line": 17,
            "name": "I get the result 0.00000508 in Double with 8",
            "match": {
              "arguments": [
                {
                  "val": "0.00000508",
                  "offset": 17
                },
                {
                  "val": "8",
                  "offset": 43
                }
              ],
              "location": "StepDefinition.iGetTheResultResultInDouble(double,int)"
            },
            "keyword": "Then ",
            "BDD_STEP_UUID": "87ce0e7c-e9b8-47e3-872a-57e46ab12deb"
          }
        ]
      },
      {
        "BDD_TESTRUN_UUID": "271a48c2-f77d-40d0-969d-dbd4283704af",
        "line": 31,
        "name": "Error Exponentiation",
        "description": "",
        "id": "power;error-exponentiation;;2",
        "type": "scenario",
        "keyword": "Scenario Outline",
        "steps": [
          {
            "result": {
              "duration": 220900,
              "status": "passed"
            },
            "line": 25,
            "name": "I run the code",
            "match": {
              "location": "StepDefinition.iRunTheCode()"
            },
            "keyword": "Given ",
            "BDD_STEP_UUID": "eb6376e8-d274-4474-9aab-bbb52bd97542"
          },
          {
            "result": {
              "duration": 3996600,
              "status": "passed"
            },
            "line": 26,
            "name": "illegal 0 to the power of -10",
            "match": {
              "arguments": [
                {
                  "val": "0",
                  "offset": 8
                },
                {
                  "val": "-10",
                  "offset": 26
                }
              ],
              "location": "StepDefinition.illegalPower(Integer,Integer)"
            },
            "keyword": "When ",
            "BDD_STEP_UUID": "5e3db079-470e-41f2-95b5-5e707e753a81"
          },
          {
            "result": {
              "error_message": "groovy.lang.MissingMethodException: No signature of method: calculator.StepDefinition.assertEquals() is applicable for argument types: (String, String) values: [Undefined for 0^(negative number), Undefined for 0^(negative number)]\r\n\tat org.codehaus.groovy.runtime.ScriptBytecodeAdapter.unwrap(ScriptBytecodeAdapter.java:70)\r\n\tat org.codehaus.groovy.vmplugin.v8.IndyGuardsFiltersAndSignatures.unwrap(IndyGuardsFiltersAndSignatures.java:160)\r\n\tat org.codehaus.groovy.vmplugin.v8.IndyInterface.fromCache(IndyInterface.java:318)\r\n\tat calculator.StepDefinition.iGetTheException(StepDefinition.groovy:197)\r\n\tat ✽.I get the Exception \"Undefined for 0^(negative number)\"(C:/Users/tugia/Katalon Studio/A3-Calculator/Include/features/CAL-6 Power.feature:27)\r\n",
              "duration": 410200,
              "status": "failed"
            },
            "line": 27,
            "name": "I get the Exception \"Undefined for 0^(negative number)\"",
            "match": {
              "arguments": [
                {
                  "val": "\"Undefined for 0^(negative number)\"",
                  "offset": 20
                }
              ],
              "location": "StepDefinition.iGetTheException(String)"
            },
            "keyword": "Then ",
            "BDD_STEP_UUID": "187eb9f9-6c35-48b3-91b8-24c6692fc857"
          }
        ]
      }
    ],
    "name": "power",
    "description": "  I want to use power operator",
    "id": "power",
    "keyword": "Feature",
    "uri": "C:/Users/tugia/Katalon Studio/A3-Calculator/Include/features/CAL-6 Power.feature",
    "tags": []
  }
]